	domain	phylum	class	order	family	genus
OTU1	Bacteria	Verrucomicrobia	Verrucomicrobiae	Verrucomicrobiales	Verrucomicrobiaceae	Akkermansia
OTU2	Bacteria	Firmicutes	Clostridia	Clostridiales	Lachnospiraceae	Eisenbergiella
OTU3	Bacteria	Bacteroidetes	Bacteroidia	Bacteroidales	"unclassified_""Bacteroidales"""	"unclassified_""Bacteroidales"""
OTU4	Bacteria	Firmicutes	Clostridia	Clostridiales	unclassified_Clostridiales	unclassified_Clostridiales
OTU5	Bacteria	Firmicutes	Erysipelotrichia	Erysipelotrichales	Erysipelotrichaceae	Clostridium XVIII
OTU6	Bacteria	Bacteroidetes	Bacteroidia	Bacteroidales	Porphyromonadaceae	"unclassified_""Porphyromonadaceae"""
OTU7	Bacteria	Bacteroidetes	Bacteroidia	Bacteroidales	Porphyromonadaceae	"unclassified_""Porphyromonadaceae"""
OTU8	Bacteria	Firmicutes	Clostridia	Clostridiales	Ruminococcaceae	unclassified_Ruminococcaceae
OTU9	Bacteria	Proteobacteria	Gammaproteobacteria	Enterobacteriales	Enterobacteriaceae	Escherichia/Shigella
OTU10	Bacteria	Proteobacteria	Epsilonproteobacteria	Campylobacterales	Helicobacteraceae	Helicobacter
OTU11	Bacteria	Firmicutes	Clostridia	Clostridiales	Ruminococcaceae	unclassified_Ruminococcaceae
OTU12	Bacteria	Firmicutes	Bacilli	Lactobacillales	Streptococcaceae	Lactococcus
OTU13	Bacteria	Proteobacteria	Deltaproteobacteria	Desulfovibrionales	Desulfovibrionaceae	unclassified_Desulfovibrionaceae
OTU14	Bacteria	Bacteroidetes	Bacteroidia	Bacteroidales	Rikenellaceae	Alistipes
OTU15	Bacteria	Firmicutes	Clostridia	Clostridiales	Lachnospiraceae	unclassified_Lachnospiraceae
OTU16	Bacteria	Firmicutes	Clostridia	Clostridiales	Lachnospiraceae	unclassified_Lachnospiraceae
OTU17	Bacteria	Firmicutes	Clostridia	Clostridiales	Lachnospiraceae	unclassified_Lachnospiraceae
OTU18	Bacteria	Firmicutes	Clostridia	Clostridiales	Lachnospiraceae	unclassified_Lachnospiraceae
OTU19	Bacteria	Firmicutes	Clostridia	Clostridiales	Lachnospiraceae	unclassified_Lachnospiraceae
OTU20	Bacteria	Firmicutes	Clostridia	Clostridiales	Ruminococcaceae	Intestinimonas
OTU21	Bacteria	Firmicutes	Clostridia	Clostridiales	Ruminococcaceae	unclassified_Ruminococcaceae
OTU22	Bacteria	Firmicutes	Clostridia	Clostridiales	Lachnospiraceae	Cellulosilyticum
OTU23	Bacteria	Firmicutes	Clostridia	Clostridiales	Clostridiaceae 1	Clostridium sensu stricto
OTU24	Bacteria	Firmicutes	Clostridia	Clostridiales	Lachnospiraceae	unclassified_Lachnospiraceae
OTU25	Bacteria	Firmicutes	Erysipelotrichia	Erysipelotrichales	Erysipelotrichaceae	Turicibacter
OTU26	Bacteria	Firmicutes	Clostridia	Clostridiales	Lachnospiraceae	unclassified_Lachnospiraceae
OTU27	Bacteria	Firmicutes	Clostridia	Clostridiales	Lachnospiraceae	unclassified_Lachnospiraceae
OTU28	Bacteria	Bacteroidetes	Bacteroidia	Bacteroidales	Porphyromonadaceae	"unclassified_""Porphyromonadaceae"""
OTU29	Bacteria	Firmicutes	Clostridia	Clostridiales	Lachnospiraceae	Clostridium XlVa
OTU30	Bacteria	Firmicutes	Clostridia	Clostridiales	Lachnospiraceae	unclassified_Lachnospiraceae
OTU31	Bacteria	Firmicutes	Clostridia	Clostridiales	Lachnospiraceae	unclassified_Lachnospiraceae
OTU32	Bacteria	Firmicutes	Clostridia	Clostridiales	Ruminococcaceae	unclassified_Ruminococcaceae
OTU33	Bacteria	Firmicutes	Clostridia	Clostridiales	Lachnospiraceae	Clostridium XlVa
OTU34	Bacteria	Firmicutes	Clostridia	Clostridiales	Lachnospiraceae	unclassified_Lachnospiraceae
OTU35	Bacteria	Firmicutes	Clostridia	Clostridiales	Lachnospiraceae	unclassified_Lachnospiraceae
OTU36	Bacteria	Firmicutes	Clostridia	Clostridiales	Ruminococcaceae	unclassified_Ruminococcaceae
OTU37	Bacteria	Bacteroidetes	Bacteroidia	Bacteroidales	"unclassified_""Bacteroidales"""	"unclassified_""Bacteroidales"""
OTU38	Bacteria	Firmicutes	Clostridia	Clostridiales	Ruminococcaceae	unclassified_Ruminococcaceae
OTU39	Bacteria	Firmicutes	Clostridia	Clostridiales	Lachnospiraceae	unclassified_Lachnospiraceae
OTU40	Bacteria	Firmicutes	Erysipelotrichia	Erysipelotrichales	Erysipelotrichaceae	unclassified_Erysipelotrichaceae
OTU41	Bacteria	Firmicutes	Clostridia	Clostridiales	Lachnospiraceae	unclassified_Lachnospiraceae
OTU42	Bacteria	Bacteroidetes	Bacteroidia	Bacteroidales	Porphyromonadaceae	"unclassified_""Porphyromonadaceae"""
OTU43	Bacteria	Bacteroidetes	Bacteroidia	Bacteroidales	Porphyromonadaceae	"unclassified_""Porphyromonadaceae"""
OTU44	Bacteria	Firmicutes	Clostridia	Clostridiales	Lachnospiraceae	unclassified_Lachnospiraceae
OTU45	Bacteria	Bacteroidetes	Bacteroidia	Bacteroidales	Porphyromonadaceae	"unclassified_""Porphyromonadaceae"""
OTU46	Bacteria	Bacteroidetes	Bacteroidia	Bacteroidales	Porphyromonadaceae	"unclassified_""Porphyromonadaceae"""
OTU47	Bacteria	Firmicutes	Clostridia	Clostridiales	Ruminococcaceae	unclassified_Ruminococcaceae
OTU48	Bacteria	Bacteroidetes	Bacteroidia	Bacteroidales	Rikenellaceae	Alistipes
OTU49	Bacteria	Firmicutes	Clostridia	Clostridiales	Ruminococcaceae	Anaerotruncus
OTU50	Bacteria	Firmicutes	Clostridia	Clostridiales	Lachnospiraceae	unclassified_Lachnospiraceae
OTU51	Bacteria	Firmicutes	Clostridia	Clostridiales	Ruminococcaceae	Oscillibacter
OTU52	Bacteria	Firmicutes	Clostridia	Clostridiales	Lachnospiraceae	Eisenbergiella
OTU53	Bacteria	Firmicutes	Clostridia	Clostridiales	Lachnospiraceae	unclassified_Lachnospiraceae
OTU54	Bacteria	Bacteroidetes	Bacteroidia	Bacteroidales	"unclassified_""Bacteroidales"""	"unclassified_""Bacteroidales"""
OTU55	Bacteria	Firmicutes	Clostridia	Clostridiales	Lachnospiraceae	unclassified_Lachnospiraceae
OTU56	Bacteria	Firmicutes	Bacilli	Lactobacillales	Lactobacillaceae	Lactobacillus
OTU57	Bacteria	Firmicutes	Clostridia	Clostridiales	Lachnospiraceae	Fusicatenibacter
OTU58	Bacteria	Firmicutes	Clostridia	Clostridiales	Ruminococcaceae	Oscillibacter
OTU59	Bacteria	Firmicutes	Clostridia	Clostridiales	Lachnospiraceae	unclassified_Lachnospiraceae
OTU60	Bacteria	Firmicutes	Clostridia	Clostridiales	Ruminococcaceae	unclassified_Ruminococcaceae
OTU61	Bacteria	Firmicutes	Clostridia	Clostridiales	Lachnospiraceae	unclassified_Lachnospiraceae
OTU62	Bacteria	Actinobacteria	Actinobacteria	Coriobacteriales	Coriobacteriaceae	Enterorhabdus
OTU63	Bacteria	Firmicutes	Clostridia	Clostridiales	Lachnospiraceae	unclassified_Lachnospiraceae
OTU64	Bacteria	Firmicutes	Clostridia	Clostridiales	Lachnospiraceae	unclassified_Lachnospiraceae
OTU65	Bacteria	Firmicutes	Clostridia	Clostridiales	Clostridiaceae 1	Clostridium sensu stricto
OTU66	Bacteria	Firmicutes	Clostridia	Clostridiales	Ruminococcaceae	unclassified_Ruminococcaceae
OTU67	Bacteria	Firmicutes	Clostridia	Clostridiales	unclassified_Clostridiales	unclassified_Clostridiales
OTU68	Bacteria	Firmicutes	Clostridia	Clostridiales	Lachnospiraceae	unclassified_Lachnospiraceae
OTU69	Bacteria	Firmicutes	Clostridia	Clostridiales	Lachnospiraceae	unclassified_Lachnospiraceae
OTU70	Bacteria	Firmicutes	Clostridia	Clostridiales	Lachnospiraceae	unclassified_Lachnospiraceae
OTU71	Bacteria	Firmicutes	Clostridia	Clostridiales	Ruminococcaceae	Oscillibacter
OTU72	Bacteria	Firmicutes	Clostridia	Clostridiales	Lachnospiraceae	Fusicatenibacter
OTU73	Bacteria	Firmicutes	Clostridia	Clostridiales	Lachnospiraceae	Clostridium XlVb
OTU74	Bacteria	Firmicutes	Clostridia	Clostridiales	Lachnospiraceae	unclassified_Lachnospiraceae
OTU75	Bacteria	Firmicutes	Clostridia	Clostridiales	Lachnospiraceae	unclassified_Lachnospiraceae
OTU76	Bacteria	Firmicutes	Clostridia	Clostridiales	Lachnospiraceae	Cellulosilyticum
OTU77	Bacteria	Firmicutes	Clostridia	Clostridiales	unclassified_Clostridiales	unclassified_Clostridiales
OTU78	Bacteria	Firmicutes	Clostridia	Clostridiales	Lachnospiraceae	Acetatifactor
OTU79	Bacteria	Firmicutes	Clostridia	Clostridiales	Lachnospiraceae	unclassified_Lachnospiraceae
OTU80	Bacteria	Firmicutes	Clostridia	Clostridiales	Lachnospiraceae	unclassified_Lachnospiraceae
OTU81	Bacteria	Firmicutes	Clostridia	Clostridiales	Lachnospiraceae	unclassified_Lachnospiraceae
OTU82	Bacteria	Firmicutes	Clostridia	Clostridiales	Lachnospiraceae	Roseburia
OTU83	Bacteria	Firmicutes	Clostridia	Clostridiales	unclassified_Clostridiales	unclassified_Clostridiales
OTU84	Bacteria	Bacteroidetes	Bacteroidia	Bacteroidales	"unclassified_""Bacteroidales"""	"unclassified_""Bacteroidales"""
OTU85	Bacteria	Firmicutes	Clostridia	Clostridiales	Peptostreptococcaceae	Romboutsia
OTU86	Bacteria	Bacteroidetes	"unclassified_""Bacteroidetes"""	"unclassified_""Bacteroidetes"""	"unclassified_""Bacteroidetes"""	"unclassified_""Bacteroidetes"""
OTU87	Bacteria	Firmicutes	Clostridia	Clostridiales	Lachnospiraceae	unclassified_Lachnospiraceae
OTU88	Bacteria	Firmicutes	Clostridia	Clostridiales	Lachnospiraceae	Blautia
OTU89	Bacteria	Firmicutes	Clostridia	Clostridiales	Lachnospiraceae	unclassified_Lachnospiraceae
OTU90	Bacteria	Actinobacteria	Actinobacteria	Actinomycetales	Nocardiaceae	Rhodococcus
OTU91	Bacteria	Firmicutes	Clostridia	Clostridiales	Lachnospiraceae	unclassified_Lachnospiraceae
OTU92	Bacteria	Bacteroidetes	Bacteroidia	Bacteroidales	"unclassified_""Bacteroidales"""	"unclassified_""Bacteroidales"""
OTU93	Bacteria	Firmicutes	Clostridia	Clostridiales	Ruminococcaceae	unclassified_Ruminococcaceae
OTU94	Bacteria	Firmicutes	Clostridia	Clostridiales	unclassified_Clostridiales	unclassified_Clostridiales
OTU95	Bacteria	Firmicutes	Clostridia	Clostridiales	Lachnospiraceae	unclassified_Lachnospiraceae
OTU96	Bacteria	Firmicutes	Bacilli	Lactobacillales	Enterococcaceae	Enterococcus
OTU97	Bacteria	Firmicutes	Clostridia	Clostridiales	Ruminococcaceae	unclassified_Ruminococcaceae
OTU98	Bacteria	Firmicutes	Clostridia	Clostridiales	Lachnospiraceae	unclassified_Lachnospiraceae
OTU99	Bacteria	Firmicutes	Clostridia	Clostridiales	Ruminococcaceae	unclassified_Ruminococcaceae
OTU100	Bacteria	Proteobacteria	Epsilonproteobacteria	Campylobacterales	Helicobacteraceae	Helicobacter
OTU101	Bacteria	Firmicutes	Clostridia	Clostridiales	Ruminococcaceae	unclassified_Ruminococcaceae
OTU102	Bacteria	Bacteroidetes	Bacteroidia	Bacteroidales	Bacteroidaceae	Bacteroides
OTU103	Bacteria	Firmicutes	Clostridia	Clostridiales	Ruminococcaceae	Oscillibacter
OTU104	Bacteria	Firmicutes	Clostridia	Clostridiales	Ruminococcaceae	unclassified_Ruminococcaceae
OTU105	Bacteria	Bacteroidetes	Bacteroidia	Bacteroidales	"unclassified_""Bacteroidales"""	"unclassified_""Bacteroidales"""
OTU106	Bacteria	Deferribacteres	Deferribacteres	Deferribacterales	Deferribacteraceae	Mucispirillum
OTU107	Bacteria	Firmicutes	Clostridia	Clostridiales	Ruminococcaceae	unclassified_Ruminococcaceae
OTU108	Bacteria	Firmicutes	Clostridia	Clostridiales	Ruminococcaceae	unclassified_Ruminococcaceae
OTU109	Bacteria	Bacteroidetes	Bacteroidia	Bacteroidales	Porphyromonadaceae	Parabacteroides
OTU110	Bacteria	Firmicutes	Bacilli	Lactobacillales	Enterococcaceae	Enterococcus
OTU111	Bacteria	Firmicutes	Clostridia	Clostridiales	Lachnospiraceae	unclassified_Lachnospiraceae
OTU112	Bacteria	Firmicutes	Bacilli	Lactobacillales	Lactobacillaceae	Lactobacillus
OTU113	Bacteria	Firmicutes	Clostridia	Clostridiales	Ruminococcaceae	unclassified_Ruminococcaceae
OTU114	Bacteria	Firmicutes	Clostridia	Clostridiales	Lachnospiraceae	unclassified_Lachnospiraceae
OTU115	Bacteria	Bacteroidetes	Bacteroidia	Bacteroidales	Porphyromonadaceae	"unclassified_""Porphyromonadaceae"""
OTU116	Bacteria	Bacteroidetes	Bacteroidia	Bacteroidales	Rikenellaceae	Rikenella
OTU117	Bacteria	Firmicutes	unclassified_Firmicutes	unclassified_Firmicutes	unclassified_Firmicutes	unclassified_Firmicutes
OTU118	Bacteria	Bacteroidetes	Bacteroidia	Bacteroidales	"unclassified_""Bacteroidales"""	"unclassified_""Bacteroidales"""
OTU119	Bacteria	Firmicutes	Clostridia	Clostridiales	unclassified_Clostridiales	unclassified_Clostridiales
OTU120	Bacteria	Proteobacteria	Gammaproteobacteria	Enterobacteriales	Enterobacteriaceae	Citrobacter
OTU121	Bacteria	Firmicutes	Clostridia	Clostridiales	Ruminococcaceae	unclassified_Ruminococcaceae
OTU122	Bacteria	Firmicutes	Clostridia	Clostridiales	Lachnospiraceae	unclassified_Lachnospiraceae
OTU123	Bacteria	Bacteroidetes	Bacteroidia	Bacteroidales	"unclassified_""Bacteroidales"""	"unclassified_""Bacteroidales"""
OTU124	Bacteria	Firmicutes	Clostridia	Clostridiales	Lachnospiraceae	unclassified_Lachnospiraceae
OTU125	Bacteria	Firmicutes	Clostridia	Clostridiales	Peptostreptococcaceae	Terrisporobacter
OTU126	Bacteria	Actinobacteria	Actinobacteria	Coriobacteriales	Coriobacteriaceae	unclassified_Coriobacteriaceae
OTU127	Bacteria	Firmicutes	Clostridia	Clostridiales	Lachnospiraceae	unclassified_Lachnospiraceae
OTU128	Bacteria	Firmicutes	Clostridia	Clostridiales	Lachnospiraceae	unclassified_Lachnospiraceae
OTU129	Bacteria	Firmicutes	Clostridia	Clostridiales	Lachnospiraceae	unclassified_Lachnospiraceae
OTU130	Bacteria	Firmicutes	Clostridia	Clostridiales	unclassified_Clostridiales	unclassified_Clostridiales
OTU131	Bacteria	Firmicutes	Erysipelotrichia	Erysipelotrichales	Erysipelotrichaceae	Coprobacillus
OTU132	Bacteria	Firmicutes	Clostridia	Clostridiales	Lachnospiraceae	unclassified_Lachnospiraceae
OTU133	Bacteria	Firmicutes	Clostridia	Clostridiales	Lachnospiraceae	unclassified_Lachnospiraceae
OTU134	Bacteria	Firmicutes	Clostridia	Clostridiales	Lachnospiraceae	unclassified_Lachnospiraceae
OTU135	Bacteria	Firmicutes	Clostridia	Clostridiales	Lachnospiraceae	unclassified_Lachnospiraceae
OTU136	Bacteria	Firmicutes	Bacilli	Bacillales	Staphylococcaceae	Staphylococcus
OTU137	Bacteria	Firmicutes	Clostridia	Clostridiales	Lachnospiraceae	unclassified_Lachnospiraceae
OTU138	Bacteria	Bacteroidetes	Bacteroidia	Bacteroidales	"unclassified_""Bacteroidales"""	"unclassified_""Bacteroidales"""
OTU139	Bacteria	Bacteroidetes	Bacteroidia	Bacteroidales	"unclassified_""Bacteroidales"""	"unclassified_""Bacteroidales"""
OTU140	Bacteria	Firmicutes	Erysipelotrichia	Erysipelotrichales	Erysipelotrichaceae	Clostridium XVIII
OTU141	Bacteria	Firmicutes	Clostridia	Clostridiales	Lachnospiraceae	unclassified_Lachnospiraceae
OTU142	Bacteria	Firmicutes	Clostridia	Clostridiales	Lachnospiraceae	unclassified_Lachnospiraceae
OTU143	Bacteria	Firmicutes	Clostridia	Clostridiales	Ruminococcaceae	Intestinimonas
OTU144	Bacteria	Tenericutes	Mollicutes	Anaeroplasmatales	Anaeroplasmataceae	Anaeroplasma
OTU145	Bacteria	Firmicutes	Clostridia	Clostridiales	Lachnospiraceae	unclassified_Lachnospiraceae
OTU146	Bacteria	Firmicutes	Bacilli	Bacillales	Staphylococcaceae	Staphylococcus
OTU147	Bacteria	Firmicutes	Clostridia	unclassified_Clostridia	unclassified_Clostridia	unclassified_Clostridia
OTU148	Bacteria	Firmicutes	Erysipelotrichia	Erysipelotrichales	Erysipelotrichaceae	unclassified_Erysipelotrichaceae
OTU149	Bacteria	Firmicutes	Clostridia	Clostridiales	Lachnospiraceae	unclassified_Lachnospiraceae
OTU150	Bacteria	Firmicutes	Clostridia	Clostridiales	Ruminococcaceae	unclassified_Ruminococcaceae
OTU151	Bacteria	Firmicutes	Clostridia	Clostridiales	Ruminococcaceae	unclassified_Ruminococcaceae
OTU152	Bacteria	Firmicutes	Clostridia	Clostridiales	Ruminococcaceae	unclassified_Ruminococcaceae
OTU153	Bacteria	Firmicutes	Clostridia	Clostridiales	Lachnospiraceae	unclassified_Lachnospiraceae
OTU154	Bacteria	Firmicutes	Clostridia	Clostridiales	Ruminococcaceae	unclassified_Ruminococcaceae
OTU155	Bacteria	Bacteroidetes	Bacteroidia	Bacteroidales	Porphyromonadaceae	Parabacteroides
OTU156	Bacteria	Firmicutes	Clostridia	Clostridiales	unclassified_Clostridiales	unclassified_Clostridiales
OTU157	Bacteria	Deferribacteres	Deferribacteres	Deferribacterales	Deferribacteraceae	Mucispirillum
OTU158	Bacteria	Firmicutes	Clostridia	Clostridiales	Lachnospiraceae	unclassified_Lachnospiraceae
OTU159	Bacteria	Firmicutes	Clostridia	Clostridiales	Lachnospiraceae	unclassified_Lachnospiraceae
OTU160	Bacteria	Bacteroidetes	Bacteroidia	Bacteroidales	Rikenellaceae	Alistipes
OTU161	Bacteria	Bacteroidetes	Bacteroidia	Bacteroidales	Bacteroidaceae	Bacteroides
OTU162	Bacteria	Bacteroidetes	Bacteroidia	Bacteroidales	Porphyromonadaceae	"unclassified_""Porphyromonadaceae"""
OTU163	Bacteria	Firmicutes	Clostridia	Clostridiales	Lachnospiraceae	unclassified_Lachnospiraceae
OTU164	Bacteria	Firmicutes	Clostridia	Clostridiales	Ruminococcaceae	unclassified_Ruminococcaceae
OTU165	Bacteria	Bacteroidetes	Bacteroidia	Bacteroidales	Bacteroidaceae	Bacteroides
OTU166	Bacteria	Firmicutes	Clostridia	Clostridiales	Clostridiaceae 1	Clostridium sensu stricto
OTU167	Bacteria	Firmicutes	Clostridia	Clostridiales	Ruminococcaceae	unclassified_Ruminococcaceae
OTU168	Bacteria	Bacteroidetes	Flavobacteriia	Flavobacteriales	Flavobacteriaceae	Flavobacterium
OTU169	Bacteria	Firmicutes	Clostridia	Clostridiales	Lachnospiraceae	unclassified_Lachnospiraceae
OTU170	Bacteria	Firmicutes	Clostridia	Clostridiales	Lachnospiraceae	unclassified_Lachnospiraceae
OTU171	Bacteria	Firmicutes	Clostridia	Clostridiales	Lachnospiraceae	unclassified_Lachnospiraceae
OTU172	Bacteria	Firmicutes	Clostridia	Clostridiales	Lachnospiraceae	unclassified_Lachnospiraceae
OTU173	Bacteria	Firmicutes	Clostridia	Clostridiales	Lachnospiraceae	Robinsoniella
OTU174	Bacteria	Firmicutes	Clostridia	Clostridiales	Lachnospiraceae	unclassified_Lachnospiraceae
OTU175	Bacteria	Firmicutes	Clostridia	Clostridiales	Lachnospiraceae	unclassified_Lachnospiraceae
OTU176	Bacteria	Firmicutes	Clostridia	Clostridiales	Lachnospiraceae	Acetatifactor
OTU177	Bacteria	Firmicutes	Clostridia	Clostridiales	Ruminococcaceae	unclassified_Ruminococcaceae
OTU178	Bacteria	Firmicutes	Clostridia	Clostridiales	unclassified_Clostridiales	unclassified_Clostridiales
OTU179	Bacteria	Firmicutes	Clostridia	Clostridiales	Lachnospiraceae	unclassified_Lachnospiraceae
OTU180	Bacteria	Bacteroidetes	Bacteroidia	Bacteroidales	"unclassified_""Bacteroidales"""	"unclassified_""Bacteroidales"""
OTU181	Bacteria	Firmicutes	Clostridia	Clostridiales	Lachnospiraceae	unclassified_Lachnospiraceae
OTU182	Bacteria	Proteobacteria	Deltaproteobacteria	Desulfovibrionales	Desulfovibrionaceae	unclassified_Desulfovibrionaceae
OTU183	Bacteria	Actinobacteria	Actinobacteria	Coriobacteriales	Coriobacteriaceae	Enterorhabdus
OTU184	Bacteria	Firmicutes	Clostridia	Clostridiales	Lachnospiraceae	unclassified_Lachnospiraceae
OTU185	Bacteria	Firmicutes	Clostridia	Clostridiales	Lachnospiraceae	unclassified_Lachnospiraceae
OTU186	Bacteria	Firmicutes	Clostridia	Clostridiales	Clostridiales_Incertae Sedis XIII	Anaerovorax
OTU187	Bacteria	Firmicutes	Clostridia	Clostridiales	Ruminococcaceae	Oscillibacter
OTU188	Bacteria	Firmicutes	Clostridia	Clostridiales	Lachnospiraceae	unclassified_Lachnospiraceae
OTU189	Bacteria	Firmicutes	Clostridia	Clostridiales	Lachnospiraceae	unclassified_Lachnospiraceae
OTU190	Bacteria	Proteobacteria	Gammaproteobacteria	Pseudomonadales	Moraxellaceae	Acinetobacter
OTU191	Bacteria	Firmicutes	Clostridia	Clostridiales	Lachnospiraceae	unclassified_Lachnospiraceae
OTU192	Bacteria	Firmicutes	Clostridia	Clostridiales	Lachnospiraceae	unclassified_Lachnospiraceae
OTU193	Bacteria	Firmicutes	Clostridia	Clostridiales	Clostridiaceae 1	Clostridium sensu stricto
OTU194	Bacteria	Proteobacteria	Gammaproteobacteria	Enterobacteriales	Enterobacteriaceae	unclassified_Enterobacteriaceae
OTU195	Bacteria	Firmicutes	Clostridia	Clostridiales	Lachnospiraceae	unclassified_Lachnospiraceae
OTU196	Bacteria	Firmicutes	Clostridia	Clostridiales	Ruminococcaceae	Oscillibacter
OTU197	Bacteria	Firmicutes	Clostridia	Clostridiales	Lachnospiraceae	unclassified_Lachnospiraceae
OTU198	Bacteria	Bacteroidetes	Bacteroidia	Bacteroidales	Porphyromonadaceae	Odoribacter
OTU199	Bacteria	Firmicutes	Clostridia	Clostridiales	Peptostreptococcaceae	Clostridium XI
OTU200	Bacteria	Firmicutes	Clostridia	Clostridiales	Ruminococcaceae	unclassified_Ruminococcaceae
OTU201	Bacteria	Firmicutes	Clostridia	Clostridiales	Lachnospiraceae	unclassified_Lachnospiraceae
OTU202	Bacteria	Firmicutes	Clostridia	Clostridiales	Lachnospiraceae	unclassified_Lachnospiraceae
OTU203	Bacteria	Bacteroidetes	Bacteroidia	Bacteroidales	Porphyromonadaceae	Odoribacter
OTU204	Bacteria	Firmicutes	Clostridia	Clostridiales	Clostridiaceae 1	Clostridium sensu stricto
OTU205	Bacteria	Firmicutes	Clostridia	Clostridiales	Lachnospiraceae	unclassified_Lachnospiraceae
OTU206	Bacteria	Firmicutes	Clostridia	Clostridiales	Ruminococcaceae	unclassified_Ruminococcaceae
OTU207	Bacteria	Bacteroidetes	Bacteroidia	Bacteroidales	"unclassified_""Bacteroidales"""	"unclassified_""Bacteroidales"""
OTU208	Bacteria	Firmicutes	Clostridia	Clostridiales	Lachnospiraceae	unclassified_Lachnospiraceae
OTU209	Bacteria	Firmicutes	Clostridia	Clostridiales	Lachnospiraceae	unclassified_Lachnospiraceae
OTU210	Bacteria	Firmicutes	Clostridia	Clostridiales	Ruminococcaceae	unclassified_Ruminococcaceae
OTU211	Bacteria	Firmicutes	Clostridia	Clostridiales	Lachnospiraceae	unclassified_Lachnospiraceae
OTU212	Bacteria	Firmicutes	Clostridia	Clostridiales	Lachnospiraceae	unclassified_Lachnospiraceae
OTU213	Bacteria	Firmicutes	Clostridia	Clostridiales	unclassified_Clostridiales	unclassified_Clostridiales
OTU214	Bacteria	Bacteroidetes	Bacteroidia	Bacteroidales	"unclassified_""Bacteroidales"""	"unclassified_""Bacteroidales"""
OTU215	Bacteria	Firmicutes	Clostridia	Clostridiales	Lachnospiraceae	unclassified_Lachnospiraceae
OTU216	Bacteria	Firmicutes	Clostridia	Clostridiales	Ruminococcaceae	unclassified_Ruminococcaceae
OTU217	Bacteria	Firmicutes	Clostridia	Clostridiales	Lachnospiraceae	unclassified_Lachnospiraceae
OTU218	Bacteria	Proteobacteria	Gammaproteobacteria	Pseudomonadales	Pseudomonadaceae	Pseudomonas
OTU219	Bacteria	Firmicutes	Clostridia	Clostridiales	Lachnospiraceae	unclassified_Lachnospiraceae
OTU220	Bacteria	Firmicutes	Clostridia	Clostridiales	Lachnospiraceae	unclassified_Lachnospiraceae
OTU221	Bacteria	Bacteroidetes	Bacteroidia	Bacteroidales	Porphyromonadaceae	"unclassified_""Porphyromonadaceae"""
OTU222	Bacteria	Firmicutes	Clostridia	Clostridiales	Lachnospiraceae	unclassified_Lachnospiraceae
OTU223	Bacteria	Firmicutes	Clostridia	Clostridiales	Lachnospiraceae	Clostridium XlVb
OTU224	Bacteria	Firmicutes	Clostridia	Clostridiales	Lachnospiraceae	unclassified_Lachnospiraceae
OTU225	Bacteria	Actinobacteria	Actinobacteria	Coriobacteriales	Coriobacteriaceae	Enterorhabdus
OTU226	Bacteria	Firmicutes	Clostridia	Clostridiales	Lachnospiraceae	unclassified_Lachnospiraceae
OTU227	Bacteria	Firmicutes	Clostridia	Clostridiales	Ruminococcaceae	Oscillibacter
OTU228	Bacteria	Firmicutes	Clostridia	Clostridiales	Lachnospiraceae	unclassified_Lachnospiraceae
OTU229	Bacteria	Firmicutes	unclassified_Firmicutes	unclassified_Firmicutes	unclassified_Firmicutes	unclassified_Firmicutes
OTU230	Bacteria	Bacteroidetes	Bacteroidia	Bacteroidales	"unclassified_""Bacteroidales"""	"unclassified_""Bacteroidales"""
OTU231	Bacteria	Proteobacteria	Betaproteobacteria	Burkholderiales	Sutterellaceae	Parasutterella
OTU232	Bacteria	Firmicutes	Clostridia	Clostridiales	Lachnospiraceae	unclassified_Lachnospiraceae
OTU233	Bacteria	Firmicutes	Clostridia	Clostridiales	Lachnospiraceae	unclassified_Lachnospiraceae
OTU234	Bacteria	Firmicutes	Clostridia	Clostridiales	Lachnospiraceae	Clostridium XlVb
OTU235	Bacteria	unclassified_Bacteria	unclassified_Bacteria	unclassified_Bacteria	unclassified_Bacteria	unclassified_Bacteria
OTU236	Bacteria	Proteobacteria	Gammaproteobacteria	Enterobacteriales	Enterobacteriaceae	unclassified_Enterobacteriaceae
OTU237	Bacteria	Firmicutes	Clostridia	Clostridiales	Ruminococcaceae	unclassified_Ruminococcaceae
OTU238	Bacteria	Firmicutes	Clostridia	Clostridiales	Catabacteriaceae	Catabacter
OTU239	Bacteria	Bacteroidetes	Bacteroidia	Bacteroidales	Porphyromonadaceae	Parabacteroides
OTU240	Bacteria	Firmicutes	Clostridia	Clostridiales	Ruminococcaceae	unclassified_Ruminococcaceae
OTU241	Bacteria	Firmicutes	Clostridia	Clostridiales	Ruminococcaceae	unclassified_Ruminococcaceae
OTU242	Bacteria	Bacteroidetes	Bacteroidia	Bacteroidales	Porphyromonadaceae	"unclassified_""Porphyromonadaceae"""
OTU243	Bacteria	Firmicutes	Clostridia	Clostridiales	Lachnospiraceae	unclassified_Lachnospiraceae
OTU244	Bacteria	Actinobacteria	Actinobacteria	Coriobacteriales	Coriobacteriaceae	unclassified_Coriobacteriaceae
OTU245	Bacteria	Firmicutes	Clostridia	Clostridiales	Lachnospiraceae	unclassified_Lachnospiraceae
OTU246	Bacteria	Firmicutes	Clostridia	Clostridiales	Lachnospiraceae	unclassified_Lachnospiraceae
OTU247	Bacteria	Firmicutes	Clostridia	Clostridiales	Lachnospiraceae	unclassified_Lachnospiraceae
OTU248	Bacteria	Firmicutes	Clostridia	Clostridiales	Lachnospiraceae	Blautia
OTU249	Bacteria	Firmicutes	Clostridia	Clostridiales	Lachnospiraceae	unclassified_Lachnospiraceae
OTU250	Bacteria	Firmicutes	Clostridia	Clostridiales	unclassified_Clostridiales	unclassified_Clostridiales
OTU251	Bacteria	Firmicutes	Clostridia	Clostridiales	Ruminococcaceae	unclassified_Ruminococcaceae
OTU252	Bacteria	Firmicutes	Clostridia	Clostridiales	Lachnospiraceae	Marvinbryantia
OTU253	Bacteria	Firmicutes	Clostridia	Clostridiales	Ruminococcaceae	unclassified_Ruminococcaceae
OTU254	Bacteria	Bacteroidetes	Bacteroidia	Bacteroidales	"unclassified_""Bacteroidales"""	"unclassified_""Bacteroidales"""
OTU255	Bacteria	Firmicutes	Clostridia	Clostridiales	Ruminococcaceae	unclassified_Ruminococcaceae
OTU256	Bacteria	Firmicutes	Clostridia	Clostridiales	Lachnospiraceae	unclassified_Lachnospiraceae
OTU257	Bacteria	Firmicutes	Clostridia	Clostridiales	Ruminococcaceae	unclassified_Ruminococcaceae
OTU258	Bacteria	Bacteroidetes	Bacteroidia	Bacteroidales	"unclassified_""Bacteroidales"""	"unclassified_""Bacteroidales"""
OTU259	Bacteria	Firmicutes	Clostridia	Clostridiales	Ruminococcaceae	Anaerotruncus
OTU260	Bacteria	Firmicutes	Clostridia	Clostridiales	Lachnospiraceae	unclassified_Lachnospiraceae
OTU261	Bacteria	Firmicutes	Clostridia	Clostridiales	Lachnospiraceae	unclassified_Lachnospiraceae
OTU262	Bacteria	Firmicutes	Clostridia	Clostridiales	Lachnospiraceae	unclassified_Lachnospiraceae
OTU263	Bacteria	Firmicutes	Clostridia	Clostridiales	Lachnospiraceae	unclassified_Lachnospiraceae
OTU264	Bacteria	Firmicutes	Clostridia	Clostridiales	Lachnospiraceae	unclassified_Lachnospiraceae
OTU265	Bacteria	Firmicutes	Clostridia	Clostridiales	Lachnospiraceae	Blautia
OTU266	Bacteria	unclassified_Bacteria	unclassified_Bacteria	unclassified_Bacteria	unclassified_Bacteria	unclassified_Bacteria
OTU267	Bacteria	Firmicutes	Clostridia	Clostridiales	Lachnospiraceae	unclassified_Lachnospiraceae
OTU268	Bacteria	Proteobacteria	Betaproteobacteria	Burkholderiales	Comamonadaceae	Delftia
OTU269	Bacteria	Bacteroidetes	Flavobacteriia	Flavobacteriales	Flavobacteriaceae	Chryseobacterium
OTU270	Bacteria	Bacteroidetes	Bacteroidia	Bacteroidales	Porphyromonadaceae	"unclassified_""Porphyromonadaceae"""
OTU271	Bacteria	Firmicutes	Erysipelotrichia	Erysipelotrichales	Erysipelotrichaceae	Erysipelotrichaceae_incertae_sedis
OTU272	Bacteria	Firmicutes	Clostridia	Clostridiales	Lachnospiraceae	unclassified_Lachnospiraceae
OTU273	Bacteria	Bacteroidetes	Bacteroidia	Bacteroidales	Porphyromonadaceae	"unclassified_""Porphyromonadaceae"""
OTU274	Bacteria	Firmicutes	Clostridia	Clostridiales	Lachnospiraceae	Clostridium XlVb
OTU275	Bacteria	Firmicutes	Clostridia	Clostridiales	unclassified_Clostridiales	unclassified_Clostridiales
OTU276	Bacteria	Firmicutes	Clostridia	Clostridiales	Ruminococcaceae	Anaerotruncus
OTU277	Bacteria	Firmicutes	Clostridia	Clostridiales	Lachnospiraceae	unclassified_Lachnospiraceae
OTU278	Bacteria	Firmicutes	Clostridia	Clostridiales	Lachnospiraceae	unclassified_Lachnospiraceae
OTU279	Bacteria	Firmicutes	Clostridia	Clostridiales	unclassified_Clostridiales	unclassified_Clostridiales
OTU280	Bacteria	Actinobacteria	Actinobacteria	Actinomycetales	Microbacteriaceae	Microbacterium
OTU281	Bacteria	Firmicutes	Clostridia	Clostridiales	Catabacteriaceae	Catabacter
OTU282	Bacteria	Firmicutes	Clostridia	Clostridiales	Lachnospiraceae	unclassified_Lachnospiraceae
OTU283	Bacteria	Firmicutes	Clostridia	Clostridiales	unclassified_Clostridiales	unclassified_Clostridiales
OTU284	Bacteria	Firmicutes	unclassified_Firmicutes	unclassified_Firmicutes	unclassified_Firmicutes	unclassified_Firmicutes
OTU285	Bacteria	Firmicutes	Clostridia	Clostridiales	unclassified_Clostridiales	unclassified_Clostridiales
OTU286	Bacteria	Firmicutes	Clostridia	Clostridiales	Lachnospiraceae	unclassified_Lachnospiraceae
OTU287	Bacteria	Firmicutes	Clostridia	Clostridiales	Catabacteriaceae	Catabacter
OTU288	Bacteria	Firmicutes	Clostridia	Clostridiales	Lachnospiraceae	unclassified_Lachnospiraceae
OTU289	Bacteria	Firmicutes	Erysipelotrichia	Erysipelotrichales	Erysipelotrichaceae	unclassified_Erysipelotrichaceae
OTU290	Bacteria	Firmicutes	Clostridia	Clostridiales	Lachnospiraceae	unclassified_Lachnospiraceae
OTU291	Bacteria	Actinobacteria	Actinobacteria	Coriobacteriales	Coriobacteriaceae	unclassified_Coriobacteriaceae
OTU292	Bacteria	Firmicutes	Clostridia	Clostridiales	Ruminococcaceae	unclassified_Ruminococcaceae
OTU293	Bacteria	unclassified_Bacteria	unclassified_Bacteria	unclassified_Bacteria	unclassified_Bacteria	unclassified_Bacteria
OTU294	Bacteria	Firmicutes	Clostridia	Clostridiales	Ruminococcaceae	Flavonifractor
OTU295	Bacteria	Bacteroidetes	Bacteroidia	Bacteroidales	"unclassified_""Bacteroidales"""	"unclassified_""Bacteroidales"""
OTU296	Bacteria	Firmicutes	Bacilli	Lactobacillales	Streptococcaceae	Streptococcus
OTU297	Bacteria	Firmicutes	Clostridia	Clostridiales	Ruminococcaceae	Intestinimonas
OTU298	Bacteria	Firmicutes	unclassified_Firmicutes	unclassified_Firmicutes	unclassified_Firmicutes	unclassified_Firmicutes
OTU299	Bacteria	Firmicutes	Clostridia	Clostridiales	unclassified_Clostridiales	unclassified_Clostridiales
OTU300	Bacteria	Firmicutes	Clostridia	Clostridiales	unclassified_Clostridiales	unclassified_Clostridiales
OTU301	Bacteria	Firmicutes	Clostridia	Clostridiales	Ruminococcaceae	unclassified_Ruminococcaceae
OTU302	Bacteria	Firmicutes	Bacilli	Lactobacillales	Lactobacillaceae	Lactobacillus
OTU303	Bacteria	Firmicutes	Clostridia	Clostridiales	unclassified_Clostridiales	unclassified_Clostridiales
OTU304	Bacteria	Firmicutes	Clostridia	Clostridiales	Ruminococcaceae	unclassified_Ruminococcaceae
OTU305	Bacteria	Proteobacteria	Gammaproteobacteria	Xanthomonadales	Xanthomonadaceae	Stenotrophomonas
OTU306	Bacteria	Firmicutes	Clostridia	Clostridiales	Lachnospiraceae	unclassified_Lachnospiraceae
OTU307	Bacteria	Firmicutes	Clostridia	Clostridiales	Ruminococcaceae	Intestinimonas
OTU308	Bacteria	Firmicutes	Clostridia	Clostridiales	Clostridiales_Incertae Sedis XIII	Anaerovorax
OTU309	Bacteria	unclassified_Bacteria	unclassified_Bacteria	unclassified_Bacteria	unclassified_Bacteria	unclassified_Bacteria
OTU310	Bacteria	Firmicutes	Clostridia	Clostridiales	Lachnospiraceae	unclassified_Lachnospiraceae
OTU311	Bacteria	Firmicutes	Clostridia	Clostridiales	Ruminococcaceae	unclassified_Ruminococcaceae
OTU312	Bacteria	Firmicutes	Clostridia	Clostridiales	Catabacteriaceae	Catabacter
OTU313	Bacteria	Firmicutes	Clostridia	Clostridiales	Lachnospiraceae	unclassified_Lachnospiraceae
OTU314	Bacteria	Firmicutes	Clostridia	Clostridiales	Lachnospiraceae	unclassified_Lachnospiraceae
OTU315	Bacteria	Firmicutes	Clostridia	Clostridiales	Lachnospiraceae	unclassified_Lachnospiraceae
OTU316	Bacteria	Bacteroidetes	Bacteroidia	Bacteroidales	"unclassified_""Bacteroidales"""	"unclassified_""Bacteroidales"""
OTU317	Bacteria	Firmicutes	Clostridia	Clostridiales	Ruminococcaceae	unclassified_Ruminococcaceae
OTU318	Bacteria	Bacteroidetes	"unclassified_""Bacteroidetes"""	"unclassified_""Bacteroidetes"""	"unclassified_""Bacteroidetes"""	"unclassified_""Bacteroidetes"""
OTU319	Bacteria	Firmicutes	Clostridia	Clostridiales	Ruminococcaceae	unclassified_Ruminococcaceae
OTU320	Bacteria	Firmicutes	Clostridia	Clostridiales	Ruminococcaceae	unclassified_Ruminococcaceae
OTU321	Bacteria	Bacteroidetes	Bacteroidia	Bacteroidales	Porphyromonadaceae	"unclassified_""Porphyromonadaceae"""
OTU322	Bacteria	Firmicutes	Clostridia	Clostridiales	Lachnospiraceae	unclassified_Lachnospiraceae
OTU323	Bacteria	Proteobacteria	Gammaproteobacteria	Pseudomonadales	Pseudomonadaceae	Pseudomonas
OTU324	Bacteria	Actinobacteria	Actinobacteria	Coriobacteriales	Coriobacteriaceae	unclassified_Coriobacteriaceae
OTU325	Bacteria	Firmicutes	Clostridia	Clostridiales	Lachnospiraceae	unclassified_Lachnospiraceae
OTU326	Bacteria	Firmicutes	Clostridia	Clostridiales	Lachnospiraceae	unclassified_Lachnospiraceae
OTU327	Bacteria	Bacteroidetes	Bacteroidia	Bacteroidales	"unclassified_""Bacteroidales"""	"unclassified_""Bacteroidales"""
OTU328	Bacteria	Firmicutes	Clostridia	Clostridiales	Lachnospiraceae	unclassified_Lachnospiraceae
OTU329	Bacteria	Proteobacteria	Alphaproteobacteria	unclassified_Alphaproteobacteria	unclassified_Alphaproteobacteria	unclassified_Alphaproteobacteria
OTU330	Bacteria	Firmicutes	Clostridia	Clostridiales	Lachnospiraceae	unclassified_Lachnospiraceae
OTU331	Bacteria	Firmicutes	Clostridia	Clostridiales	Lachnospiraceae	unclassified_Lachnospiraceae
OTU332	Bacteria	Firmicutes	Clostridia	Clostridiales	unclassified_Clostridiales	unclassified_Clostridiales
OTU333	Bacteria	Firmicutes	Clostridia	Clostridiales	Lachnospiraceae	Clostridium XlVa
OTU334	Bacteria	unclassified_Bacteria	unclassified_Bacteria	unclassified_Bacteria	unclassified_Bacteria	unclassified_Bacteria
OTU335	Bacteria	Firmicutes	Clostridia	Clostridiales	Lachnospiraceae	unclassified_Lachnospiraceae
OTU336	Bacteria	Bacteroidetes	Bacteroidia	Bacteroidales	Porphyromonadaceae	"unclassified_""Porphyromonadaceae"""
OTU337	Bacteria	Bacteroidetes	Bacteroidia	Bacteroidales	Porphyromonadaceae	"unclassified_""Porphyromonadaceae"""
OTU338	Bacteria	Firmicutes	Clostridia	Clostridiales	unclassified_Clostridiales	unclassified_Clostridiales
OTU339	Bacteria	Firmicutes	Clostridia	Clostridiales	unclassified_Clostridiales	unclassified_Clostridiales
OTU340	Bacteria	Firmicutes	Clostridia	Clostridiales	unclassified_Clostridiales	unclassified_Clostridiales
OTU341	Bacteria	Firmicutes	Clostridia	Clostridiales	Lachnospiraceae	unclassified_Lachnospiraceae
OTU342	Bacteria	Firmicutes	Clostridia	Clostridiales	Lachnospiraceae	unclassified_Lachnospiraceae
OTU343	Bacteria	Proteobacteria	Gammaproteobacteria	Enterobacteriales	Enterobacteriaceae	Citrobacter
OTU344	Bacteria	Bacteroidetes	Bacteroidia	Bacteroidales	"unclassified_""Bacteroidales"""	"unclassified_""Bacteroidales"""
OTU345	Bacteria	Bacteroidetes	Bacteroidia	Bacteroidales	"unclassified_""Bacteroidales"""	"unclassified_""Bacteroidales"""
OTU346	Bacteria	Bacteroidetes	Bacteroidia	Bacteroidales	"unclassified_""Bacteroidales"""	"unclassified_""Bacteroidales"""
OTU347	Bacteria	Bacteroidetes	Bacteroidia	Bacteroidales	Rikenellaceae	Alistipes
OTU348	Bacteria	Firmicutes	Clostridia	Clostridiales	Ruminococcaceae	unclassified_Ruminococcaceae
OTU349	Bacteria	Firmicutes	Bacilli	Lactobacillales	Enterococcaceae	Enterococcus
OTU350	Bacteria	Firmicutes	Clostridia	Clostridiales	Lachnospiraceae	unclassified_Lachnospiraceae
OTU351	Bacteria	Proteobacteria	Gammaproteobacteria	Enterobacteriales	Enterobacteriaceae	Proteus
OTU352	Bacteria	Firmicutes	unclassified_Firmicutes	unclassified_Firmicutes	unclassified_Firmicutes	unclassified_Firmicutes
OTU353	Bacteria	Firmicutes	Clostridia	Clostridiales	Lachnospiraceae	unclassified_Lachnospiraceae
OTU354	Bacteria	Firmicutes	Clostridia	Clostridiales	Ruminococcaceae	unclassified_Ruminococcaceae
OTU355	Bacteria	Firmicutes	Clostridia	Clostridiales	Lachnospiraceae	unclassified_Lachnospiraceae
OTU356	Bacteria	Actinobacteria	Actinobacteria	Coriobacteriales	Coriobacteriaceae	Parvibacter
OTU357	Bacteria	Firmicutes	Clostridia	Clostridiales	Lachnospiraceae	Clostridium XlVa
OTU358	Bacteria	unclassified_Bacteria	unclassified_Bacteria	unclassified_Bacteria	unclassified_Bacteria	unclassified_Bacteria
OTU359	Bacteria	Firmicutes	Clostridia	Clostridiales	unclassified_Clostridiales	unclassified_Clostridiales
OTU360	Bacteria	Firmicutes	Clostridia	Clostridiales	Ruminococcaceae	unclassified_Ruminococcaceae
OTU361	Bacteria	Firmicutes	Clostridia	Clostridiales	unclassified_Clostridiales	unclassified_Clostridiales
OTU362	Bacteria	Firmicutes	Clostridia	Clostridiales	Clostridiales_Incertae Sedis XIII	Anaerovorax
OTU363	Bacteria	Firmicutes	Clostridia	Clostridiales	Ruminococcaceae	unclassified_Ruminococcaceae
OTU364	Bacteria	Proteobacteria	Gammaproteobacteria	Pseudomonadales	Moraxellaceae	Acinetobacter
OTU365	Bacteria	Firmicutes	Clostridia	Clostridiales	Lachnospiraceae	unclassified_Lachnospiraceae
OTU366	Bacteria	Firmicutes	Clostridia	Clostridiales	Lachnospiraceae	unclassified_Lachnospiraceae
OTU367	Bacteria	Bacteroidetes	Bacteroidia	Bacteroidales	"unclassified_""Bacteroidales"""	"unclassified_""Bacteroidales"""
OTU368	Bacteria	Firmicutes	Clostridia	Clostridiales	Lachnospiraceae	unclassified_Lachnospiraceae
OTU369	Bacteria	Firmicutes	Clostridia	Clostridiales	Lachnospiraceae	unclassified_Lachnospiraceae
OTU370	Bacteria	Proteobacteria	Gammaproteobacteria	Xanthomonadales	Xanthomonadaceae	Stenotrophomonas
OTU371	Bacteria	Firmicutes	Clostridia	Clostridiales	Lachnospiraceae	unclassified_Lachnospiraceae
OTU372	Bacteria	Firmicutes	Clostridia	Clostridiales	Clostridiaceae 1	Clostridium sensu stricto
OTU373	Bacteria	Proteobacteria	Deltaproteobacteria	Desulfovibrionales	Desulfovibrionaceae	unclassified_Desulfovibrionaceae
OTU374	Bacteria	Firmicutes	Clostridia	Clostridiales	Lachnospiraceae	unclassified_Lachnospiraceae
OTU375	Bacteria	Firmicutes	Clostridia	Clostridiales	Ruminococcaceae	Clostridium IV
OTU376	Bacteria	Firmicutes	Clostridia	Clostridiales	unclassified_Clostridiales	unclassified_Clostridiales
OTU377	Bacteria	Firmicutes	Clostridia	Clostridiales	unclassified_Clostridiales	unclassified_Clostridiales
OTU378	Bacteria	Firmicutes	Clostridia	Clostridiales	unclassified_Clostridiales	unclassified_Clostridiales
OTU379	Bacteria	Firmicutes	Clostridia	Clostridiales	Lachnospiraceae	unclassified_Lachnospiraceae
OTU380	Bacteria	Firmicutes	Erysipelotrichia	Erysipelotrichales	Erysipelotrichaceae	unclassified_Erysipelotrichaceae
OTU381	Bacteria	Firmicutes	Clostridia	Clostridiales	Ruminococcaceae	Butyricicoccus
OTU382	Bacteria	Firmicutes	Clostridia	Clostridiales	Lachnospiraceae	unclassified_Lachnospiraceae
OTU383	Bacteria	Firmicutes	Clostridia	Clostridiales	Ruminococcaceae	unclassified_Ruminococcaceae
OTU384	Bacteria	Firmicutes	Clostridia	Clostridiales	Ruminococcaceae	unclassified_Ruminococcaceae
OTU385	Bacteria	Firmicutes	Clostridia	Clostridiales	Lachnospiraceae	unclassified_Lachnospiraceae
OTU386	Bacteria	Proteobacteria	Betaproteobacteria	Burkholderiales	Comamonadaceae	Acidovorax
OTU387	Bacteria	Firmicutes	Clostridia	Clostridiales	Lachnospiraceae	Clostridium XlVa
OTU388	Bacteria	unclassified_Bacteria	unclassified_Bacteria	unclassified_Bacteria	unclassified_Bacteria	unclassified_Bacteria
OTU389	Bacteria	Actinobacteria	Actinobacteria	Coriobacteriales	Coriobacteriaceae	Olsenella
OTU390	Bacteria	Firmicutes	Clostridia	Clostridiales	Ruminococcaceae	unclassified_Ruminococcaceae
OTU391	Bacteria	Bacteroidetes	Bacteroidia	Bacteroidales	Porphyromonadaceae	"unclassified_""Porphyromonadaceae"""
OTU392	Bacteria	unclassified_Bacteria	unclassified_Bacteria	unclassified_Bacteria	unclassified_Bacteria	unclassified_Bacteria
OTU393	Bacteria	Firmicutes	unclassified_Firmicutes	unclassified_Firmicutes	unclassified_Firmicutes	unclassified_Firmicutes
OTU394	Bacteria	Bacteroidetes	Bacteroidia	Bacteroidales	Porphyromonadaceae	"unclassified_""Porphyromonadaceae"""
OTU395	Bacteria	Firmicutes	Clostridia	Clostridiales	Lachnospiraceae	unclassified_Lachnospiraceae
OTU396	Bacteria	Firmicutes	Clostridia	Clostridiales	Ruminococcaceae	unclassified_Ruminococcaceae
OTU397	Bacteria	Actinobacteria	Actinobacteria	Coriobacteriales	Coriobacteriaceae	unclassified_Coriobacteriaceae
OTU398	Bacteria	Firmicutes	Bacilli	Lactobacillales	Carnobacteriaceae	Atopostipes
OTU399	Bacteria	Firmicutes	Clostridia	Clostridiales	unclassified_Clostridiales	unclassified_Clostridiales
OTU400	Bacteria	Firmicutes	Clostridia	Clostridiales	Lachnospiraceae	unclassified_Lachnospiraceae
OTU401	Bacteria	Firmicutes	unclassified_Firmicutes	unclassified_Firmicutes	unclassified_Firmicutes	unclassified_Firmicutes
OTU402	Bacteria	Firmicutes	Clostridia	Clostridiales	Lachnospiraceae	Anaerostipes
OTU403	Bacteria	Firmicutes	Clostridia	Clostridiales	Lachnospiraceae	unclassified_Lachnospiraceae
OTU404	Bacteria	Firmicutes	Bacilli	Lactobacillales	Streptococcaceae	Lactococcus
OTU405	Bacteria	Firmicutes	Clostridia	Clostridiales	Lachnospiraceae	unclassified_Lachnospiraceae
OTU406	Bacteria	Firmicutes	Clostridia	Clostridiales	Ruminococcaceae	unclassified_Ruminococcaceae
OTU407	Bacteria	Firmicutes	Clostridia	Clostridiales	Peptostreptococcaceae	unclassified_Peptostreptococcaceae
OTU408	Bacteria	Firmicutes	Clostridia	Clostridiales	unclassified_Clostridiales	unclassified_Clostridiales
OTU409	Bacteria	Firmicutes	Clostridia	Clostridiales	unclassified_Clostridiales	unclassified_Clostridiales
OTU410	Bacteria	Firmicutes	Clostridia	Clostridiales	unclassified_Clostridiales	unclassified_Clostridiales
OTU411	Bacteria	Actinobacteria	Actinobacteria	Coriobacteriales	Coriobacteriaceae	unclassified_Coriobacteriaceae
OTU412	Bacteria	Firmicutes	Clostridia	Clostridiales	Lachnospiraceae	unclassified_Lachnospiraceae
OTU413	Bacteria	Firmicutes	Clostridia	Clostridiales	Lachnospiraceae	unclassified_Lachnospiraceae
OTU414	Bacteria	unclassified_Bacteria	unclassified_Bacteria	unclassified_Bacteria	unclassified_Bacteria	unclassified_Bacteria
OTU415	Bacteria	Firmicutes	Clostridia	Clostridiales	Peptostreptococcaceae	Romboutsia
OTU416	Bacteria	Firmicutes	Clostridia	Clostridiales	Ruminococcaceae	unclassified_Ruminococcaceae
OTU417	Bacteria	Firmicutes	Clostridia	Clostridiales	Ruminococcaceae	unclassified_Ruminococcaceae
OTU418	Bacteria	Bacteroidetes	Bacteroidia	Bacteroidales	Porphyromonadaceae	Parabacteroides
OTU419	Bacteria	Actinobacteria	Actinobacteria	Actinomycetales	Pseudonocardiaceae	Saccharopolyspora
OTU420	Bacteria	Firmicutes	Clostridia	Clostridiales	Ruminococcaceae	unclassified_Ruminococcaceae
OTU421	Bacteria	Firmicutes	Clostridia	Clostridiales	Lachnospiraceae	unclassified_Lachnospiraceae
OTU422	Bacteria	Firmicutes	Erysipelotrichia	Erysipelotrichales	Erysipelotrichaceae	unclassified_Erysipelotrichaceae
OTU423	Bacteria	Firmicutes	Clostridia	Clostridiales	Ruminococcaceae	unclassified_Ruminococcaceae
OTU424	Bacteria	Firmicutes	Clostridia	Clostridiales	unclassified_Clostridiales	unclassified_Clostridiales
OTU425	Bacteria	Firmicutes	Clostridia	Clostridiales	Lachnospiraceae	unclassified_Lachnospiraceae
OTU426	Bacteria	Firmicutes	Clostridia	Clostridiales	Ruminococcaceae	unclassified_Ruminococcaceae
OTU427	Bacteria	unclassified_Bacteria	unclassified_Bacteria	unclassified_Bacteria	unclassified_Bacteria	unclassified_Bacteria
OTU428	Bacteria	Bacteroidetes	Bacteroidia	Bacteroidales	"unclassified_""Bacteroidales"""	"unclassified_""Bacteroidales"""
OTU429	Bacteria	Firmicutes	Clostridia	Clostridiales	Lachnospiraceae	unclassified_Lachnospiraceae
OTU430	Bacteria	Firmicutes	Clostridia	Clostridiales	Ruminococcaceae	unclassified_Ruminococcaceae
OTU431	Bacteria	Bacteroidetes	"unclassified_""Bacteroidetes"""	"unclassified_""Bacteroidetes"""	"unclassified_""Bacteroidetes"""	"unclassified_""Bacteroidetes"""
OTU432	Bacteria	Actinobacteria	Actinobacteria	Coriobacteriales	Coriobacteriaceae	Parvibacter
OTU433	Bacteria	Candidatus Saccharibacteria	unclassified_Candidatus Saccharibacteria	unclassified_Candidatus Saccharibacteria	unclassified_Candidatus Saccharibacteria	Saccharibacteria_genera_incertae_sedis
OTU434	Bacteria	Bacteroidetes	Bacteroidia	Bacteroidales	"unclassified_""Bacteroidales"""	"unclassified_""Bacteroidales"""
OTU435	Bacteria	Bacteroidetes	Sphingobacteriia	Sphingobacteriales	Sphingobacteriaceae	Pedobacter
OTU436	Bacteria	Bacteroidetes	Bacteroidia	Bacteroidales	"unclassified_""Bacteroidales"""	"unclassified_""Bacteroidales"""
OTU437	Bacteria	Firmicutes	unclassified_Firmicutes	unclassified_Firmicutes	unclassified_Firmicutes	unclassified_Firmicutes
OTU438	Bacteria	Firmicutes	Clostridia	Clostridiales	Lachnospiraceae	unclassified_Lachnospiraceae
OTU439	Bacteria	Firmicutes	Clostridia	Clostridiales	Lachnospiraceae	unclassified_Lachnospiraceae
OTU440	Bacteria	Firmicutes	Clostridia	Clostridiales	unclassified_Clostridiales	unclassified_Clostridiales
OTU441	Bacteria	Firmicutes	Clostridia	Clostridiales	Lachnospiraceae	unclassified_Lachnospiraceae
OTU442	Bacteria	Proteobacteria	Gammaproteobacteria	Xanthomonadales	Xanthomonadaceae	Pseudoxanthomonas
OTU443	Bacteria	Firmicutes	Clostridia	Clostridiales	Ruminococcaceae	Butyricicoccus
OTU444	Bacteria	unclassified_Bacteria	unclassified_Bacteria	unclassified_Bacteria	unclassified_Bacteria	unclassified_Bacteria
OTU445	Bacteria	Firmicutes	Clostridia	Clostridiales	Lachnospiraceae	unclassified_Lachnospiraceae
OTU446	Bacteria	Firmicutes	Clostridia	Clostridiales	Lachnospiraceae	unclassified_Lachnospiraceae
OTU447	Bacteria	Firmicutes	Clostridia	Clostridiales	Lachnospiraceae	unclassified_Lachnospiraceae
OTU448	Bacteria	Firmicutes	Clostridia	Clostridiales	Lachnospiraceae	unclassified_Lachnospiraceae
OTU449	Bacteria	Bacteroidetes	Bacteroidia	Bacteroidales	Porphyromonadaceae	"unclassified_""Porphyromonadaceae"""
OTU450	Bacteria	Firmicutes	Clostridia	Clostridiales	Lachnospiraceae	unclassified_Lachnospiraceae
OTU451	Bacteria	Proteobacteria	Gammaproteobacteria	Enterobacteriales	Enterobacteriaceae	unclassified_Enterobacteriaceae
OTU452	Bacteria	Firmicutes	Clostridia	Clostridiales	Clostridiales_Incertae Sedis XIII	Anaerovorax
OTU453	Bacteria	Bacteroidetes	Bacteroidia	Bacteroidales	Porphyromonadaceae	"unclassified_""Porphyromonadaceae"""
OTU454	Bacteria	Actinobacteria	Actinobacteria	Actinomycetales	Propionibacteriaceae	Propionibacterium
OTU455	Bacteria	Firmicutes	Clostridia	Clostridiales	Ruminococcaceae	unclassified_Ruminococcaceae
OTU456	Bacteria	Firmicutes	Clostridia	Clostridiales	Ruminococcaceae	unclassified_Ruminococcaceae
OTU457	Bacteria	Firmicutes	Clostridia	Clostridiales	Lachnospiraceae	unclassified_Lachnospiraceae
OTU458	Bacteria	Firmicutes	Clostridia	Clostridiales	Ruminococcaceae	unclassified_Ruminococcaceae
OTU459	Bacteria	Firmicutes	Clostridia	Clostridiales	Lachnospiraceae	unclassified_Lachnospiraceae
OTU460	Bacteria	unclassified_Bacteria	unclassified_Bacteria	unclassified_Bacteria	unclassified_Bacteria	unclassified_Bacteria
OTU461	Bacteria	Actinobacteria	Actinobacteria	Bifidobacteriales	Bifidobacteriaceae	Bifidobacterium
OTU462	Bacteria	Actinobacteria	Actinobacteria	Actinomycetales	Streptomycetaceae	Streptomyces
OTU463	Bacteria	Bacteroidetes	Bacteroidia	Bacteroidales	Porphyromonadaceae	"unclassified_""Porphyromonadaceae"""
OTU464	Bacteria	unclassified_Bacteria	unclassified_Bacteria	unclassified_Bacteria	unclassified_Bacteria	unclassified_Bacteria
OTU465	Bacteria	Firmicutes	Clostridia	Clostridiales	Ruminococcaceae	unclassified_Ruminococcaceae
OTU466	Bacteria	Firmicutes	Clostridia	Clostridiales	Lachnospiraceae	Clostridium XlVa
OTU467	Bacteria	Proteobacteria	Gammaproteobacteria	Enterobacteriales	Enterobacteriaceae	Pantoea
OTU468	Bacteria	Firmicutes	Clostridia	Clostridiales	Ruminococcaceae	unclassified_Ruminococcaceae
OTU469	Bacteria	Firmicutes	Clostridia	Clostridiales	Ruminococcaceae	Oscillibacter
OTU470	Bacteria	Firmicutes	Clostridia	Clostridiales	Ruminococcaceae	unclassified_Ruminococcaceae
OTU471	Bacteria	Firmicutes	Clostridia	Clostridiales	Lachnospiraceae	unclassified_Lachnospiraceae
OTU472	Bacteria	Firmicutes	Clostridia	Clostridiales	Ruminococcaceae	unclassified_Ruminococcaceae
OTU473	Bacteria	Bacteroidetes	Bacteroidia	Bacteroidales	Bacteroidaceae	Bacteroides
OTU474	Bacteria	Firmicutes	Clostridia	Clostridiales	Lachnospiraceae	unclassified_Lachnospiraceae
OTU475	Bacteria	Firmicutes	Clostridia	Clostridiales	Ruminococcaceae	unclassified_Ruminococcaceae
OTU476	Bacteria	Firmicutes	Clostridia	Clostridiales	Ruminococcaceae	Oscillibacter
OTU477	Bacteria	Actinobacteria	Actinobacteria	Actinomycetales	Microbacteriaceae	Microbacterium
OTU478	Bacteria	Bacteroidetes	Bacteroidia	Bacteroidales	"unclassified_""Bacteroidales"""	"unclassified_""Bacteroidales"""
OTU479	Bacteria	Firmicutes	Clostridia	Clostridiales	Lachnospiraceae	unclassified_Lachnospiraceae
OTU480	Bacteria	Firmicutes	Clostridia	Clostridiales	Ruminococcaceae	unclassified_Ruminococcaceae
OTU481	Bacteria	Actinobacteria	Actinobacteria	Actinomycetales	Streptomycetaceae	Streptomyces
OTU482	Bacteria	Firmicutes	Clostridia	Clostridiales	Lachnospiraceae	unclassified_Lachnospiraceae
OTU483	Bacteria	Firmicutes	Bacilli	Bacillales	Planococcaceae	Sporosarcina
OTU484	Bacteria	Bacteroidetes	Bacteroidia	Bacteroidales	Porphyromonadaceae	"unclassified_""Porphyromonadaceae"""
OTU485	Bacteria	Firmicutes	Bacilli	Bacillales	Planococcaceae	unclassified_Planococcaceae
OTU486	Bacteria	Firmicutes	Clostridia	Clostridiales	Lachnospiraceae	unclassified_Lachnospiraceae
OTU487	Bacteria	Bacteroidetes	Sphingobacteriia	Sphingobacteriales	Sphingobacteriaceae	Pedobacter
OTU488	Bacteria	Firmicutes	Clostridia	Clostridiales	Lachnospiraceae	unclassified_Lachnospiraceae
OTU489	Bacteria	Firmicutes	Clostridia	Clostridiales	Lachnospiraceae	unclassified_Lachnospiraceae
OTU490	Bacteria	Proteobacteria	Gammaproteobacteria	Pseudomonadales	Pseudomonadaceae	Pseudomonas
OTU491	Bacteria	Proteobacteria	Gammaproteobacteria	Enterobacteriales	Enterobacteriaceae	Enterobacter
OTU492	Bacteria	Firmicutes	Erysipelotrichia	Erysipelotrichales	Erysipelotrichaceae	Turicibacter
OTU493	Bacteria	Firmicutes	Clostridia	Clostridiales	Lachnospiraceae	unclassified_Lachnospiraceae
OTU494	Bacteria	Firmicutes	Clostridia	Clostridiales	Lachnospiraceae	unclassified_Lachnospiraceae
OTU495	Bacteria	Firmicutes	Clostridia	Clostridiales	Ruminococcaceae	unclassified_Ruminococcaceae
OTU496	Bacteria	Actinobacteria	Actinobacteria	Actinomycetales	Microbacteriaceae	Microbacterium
OTU497	Bacteria	Firmicutes	Clostridia	Clostridiales	Lachnospiraceae	unclassified_Lachnospiraceae
OTU498	Bacteria	Firmicutes	Clostridia	Clostridiales	unclassified_Clostridiales	unclassified_Clostridiales
OTU499	Bacteria	Actinobacteria	Actinobacteria	Actinomycetales	Pseudonocardiaceae	Saccharopolyspora
OTU500	Bacteria	Firmicutes	Clostridia	Clostridiales	Lachnospiraceae	unclassified_Lachnospiraceae
OTU501	Bacteria	Proteobacteria	Gammaproteobacteria	Xanthomonadales	Xanthomonadaceae	unclassified_Xanthomonadaceae
OTU502	Bacteria	Firmicutes	Clostridia	Clostridiales	Ruminococcaceae	Anaerotruncus
OTU503	Bacteria	Firmicutes	Clostridia	Clostridiales	Ruminococcaceae	unclassified_Ruminococcaceae
OTU504	Bacteria	Firmicutes	Clostridia	Clostridiales	Lachnospiraceae	unclassified_Lachnospiraceae
OTU505	Bacteria	Firmicutes	Bacilli	Bacillales	Bacillaceae 2	unclassified_Bacillaceae 2
OTU506	Bacteria	Firmicutes	Clostridia	Clostridiales	Ruminococcaceae	unclassified_Ruminococcaceae
OTU507	Bacteria	Actinobacteria	Actinobacteria	Actinomycetales	Microbacteriaceae	Microbacterium
OTU508	Bacteria	Firmicutes	Clostridia	Clostridiales	Lachnospiraceae	unclassified_Lachnospiraceae
OTU509	Bacteria	Firmicutes	Clostridia	Clostridiales	unclassified_Clostridiales	unclassified_Clostridiales
OTU510	Bacteria	Bacteroidetes	Flavobacteriia	Flavobacteriales	Flavobacteriaceae	Chryseobacterium
OTU511	Bacteria	Firmicutes	Clostridia	Clostridiales	Clostridiales_Incertae Sedis XIII	unclassified_Clostridiales_Incertae Sedis XIII
OTU512	Bacteria	unclassified_Bacteria	unclassified_Bacteria	unclassified_Bacteria	unclassified_Bacteria	unclassified_Bacteria
OTU513	Bacteria	Firmicutes	Clostridia	Clostridiales	Lachnospiraceae	unclassified_Lachnospiraceae
OTU514	Bacteria	Firmicutes	Clostridia	Clostridiales	Lachnospiraceae	unclassified_Lachnospiraceae
OTU515	Bacteria	Actinobacteria	Actinobacteria	Coriobacteriales	Coriobacteriaceae	unclassified_Coriobacteriaceae
OTU516	Bacteria	Firmicutes	Bacilli	Bacillales	Staphylococcaceae	Staphylococcus
OTU517	Bacteria	Firmicutes	Clostridia	Clostridiales	unclassified_Clostridiales	unclassified_Clostridiales
OTU518	Bacteria	Firmicutes	Clostridia	Clostridiales	Peptostreptococcaceae	Clostridium XI
OTU519	Bacteria	Firmicutes	Clostridia	Clostridiales	Lachnospiraceae	unclassified_Lachnospiraceae
OTU520	Bacteria	Firmicutes	Clostridia	Clostridiales	Lachnospiraceae	unclassified_Lachnospiraceae
OTU521	Bacteria	Firmicutes	Clostridia	Clostridiales	Lachnospiraceae	unclassified_Lachnospiraceae
OTU522	Bacteria	Firmicutes	Clostridia	Clostridiales	Lachnospiraceae	Lachnospiracea_incertae_sedis
OTU523	Bacteria	Actinobacteria	Actinobacteria	Actinomycetales	Micrococcaceae	Arthrobacter
OTU524	Bacteria	Proteobacteria	Betaproteobacteria	Burkholderiales	Alcaligenaceae	Achromobacter
OTU525	Bacteria	Firmicutes	Bacilli	Bacillales	Planococcaceae	unclassified_Planococcaceae
OTU526	Bacteria	Firmicutes	Clostridia	Clostridiales	Ruminococcaceae	unclassified_Ruminococcaceae
OTU527	Bacteria	Bacteroidetes	Bacteroidia	Bacteroidales	Porphyromonadaceae	Porphyromonas
OTU528	Bacteria	Firmicutes	Clostridia	Clostridiales	Ruminococcaceae	unclassified_Ruminococcaceae
OTU529	Bacteria	Firmicutes	Clostridia	Clostridiales	Ruminococcaceae	unclassified_Ruminococcaceae
OTU530	Bacteria	Candidatus Saccharibacteria	unclassified_Candidatus Saccharibacteria	unclassified_Candidatus Saccharibacteria	unclassified_Candidatus Saccharibacteria	Saccharibacteria_genera_incertae_sedis
OTU531	Bacteria	Firmicutes	Clostridia	Clostridiales	Lachnospiraceae	unclassified_Lachnospiraceae
OTU532	Bacteria	Firmicutes	Erysipelotrichia	Erysipelotrichales	Erysipelotrichaceae	unclassified_Erysipelotrichaceae
OTU533	Bacteria	Proteobacteria	"unclassified_""Proteobacteria"""	"unclassified_""Proteobacteria"""	"unclassified_""Proteobacteria"""	"unclassified_""Proteobacteria"""
OTU534	Bacteria	Firmicutes	Clostridia	Clostridiales	Lachnospiraceae	unclassified_Lachnospiraceae
OTU535	Bacteria	Firmicutes	Clostridia	Clostridiales	Ruminococcaceae	unclassified_Ruminococcaceae
OTU536	Bacteria	Actinobacteria	Actinobacteria	Actinomycetales	Streptomycetaceae	Streptomyces
OTU537	Bacteria	Bacteroidetes	Sphingobacteriia	Sphingobacteriales	Sphingobacteriaceae	Sphingobacterium
OTU538	Bacteria	Firmicutes	Clostridia	Clostridiales	Ruminococcaceae	unclassified_Ruminococcaceae
OTU539	Bacteria	Proteobacteria	Gammaproteobacteria	Enterobacteriales	Enterobacteriaceae	Serratia
OTU540	Bacteria	Firmicutes	Clostridia	Clostridiales	Ruminococcaceae	unclassified_Ruminococcaceae
OTU541	Bacteria	Bacteroidetes	Bacteroidia	Bacteroidales	Bacteroidaceae	Bacteroides
OTU542	Bacteria	Firmicutes	Clostridia	Clostridiales	Lachnospiraceae	unclassified_Lachnospiraceae
OTU543	Bacteria	Firmicutes	Clostridia	Clostridiales	Lachnospiraceae	unclassified_Lachnospiraceae
OTU544	Bacteria	Firmicutes	Clostridia	Clostridiales	Ruminococcaceae	Oscillibacter
OTU545	Bacteria	Firmicutes	Clostridia	Clostridiales	Lachnospiraceae	unclassified_Lachnospiraceae
OTU546	Bacteria	Firmicutes	Clostridia	Clostridiales	Lachnospiraceae	unclassified_Lachnospiraceae
OTU547	Bacteria	unclassified_Bacteria	unclassified_Bacteria	unclassified_Bacteria	unclassified_Bacteria	unclassified_Bacteria
OTU548	Bacteria	Firmicutes	Clostridia	Clostridiales	Lachnospiraceae	unclassified_Lachnospiraceae
OTU549	Bacteria	Actinobacteria	Actinobacteria	Actinomycetales	Micrococcaceae	Kocuria
OTU550	Bacteria	Bacteroidetes	Bacteroidia	Bacteroidales	"unclassified_""Bacteroidales"""	"unclassified_""Bacteroidales"""
OTU551	Bacteria	Proteobacteria	Gammaproteobacteria	Enterobacteriales	Enterobacteriaceae	Serratia
OTU552	Bacteria	Firmicutes	Clostridia	Clostridiales	Ruminococcaceae	unclassified_Ruminococcaceae
OTU553	Bacteria	Bacteroidetes	Bacteroidia	Bacteroidales	"unclassified_""Bacteroidales"""	"unclassified_""Bacteroidales"""
OTU554	Bacteria	Firmicutes	Clostridia	Clostridiales	Lachnospiraceae	Clostridium XlVb
OTU555	Bacteria	Firmicutes	Clostridia	Clostridiales	Ruminococcaceae	Intestinimonas
OTU556	Bacteria	Proteobacteria	Gammaproteobacteria	Pseudomonadales	Pseudomonadaceae	Cellvibrio
OTU557	Bacteria	Bacteroidetes	Sphingobacteriia	Sphingobacteriales	Sphingobacteriaceae	Pedobacter
OTU558	Bacteria	Actinobacteria	Actinobacteria	Actinomycetales	Streptomycetaceae	Streptomyces
OTU559	Bacteria	Firmicutes	Clostridia	Clostridiales	Clostridiaceae 1	Clostridium sensu stricto
OTU560	Bacteria	Actinobacteria	Actinobacteria	Actinomycetales	Streptomycetaceae	Streptomyces
OTU561	Bacteria	Firmicutes	Clostridia	Clostridiales	Lachnospiraceae	unclassified_Lachnospiraceae
OTU562	Bacteria	Actinobacteria	Actinobacteria	Actinomycetales	Cellulomonadaceae	Cellulomonas
OTU563	Bacteria	Firmicutes	Clostridia	Clostridiales	Lachnospiraceae	unclassified_Lachnospiraceae
OTU564	Bacteria	Firmicutes	Clostridia	Clostridiales	Ruminococcaceae	unclassified_Ruminococcaceae
OTU565	Bacteria	Actinobacteria	Actinobacteria	Actinomycetales	Nocardiopsaceae	Nocardiopsis
OTU566	Bacteria	Firmicutes	Clostridia	Clostridiales	Ruminococcaceae	unclassified_Ruminococcaceae
OTU567	Bacteria	Firmicutes	unclassified_Firmicutes	unclassified_Firmicutes	unclassified_Firmicutes	unclassified_Firmicutes
OTU568	Bacteria	Firmicutes	Clostridia	Clostridiales	Lachnospiraceae	unclassified_Lachnospiraceae
OTU569	Bacteria	Bacteroidetes	Sphingobacteriia	Sphingobacteriales	Sphingobacteriaceae	Sphingobacterium
OTU570	Bacteria	Actinobacteria	Actinobacteria	Actinomycetales	Microbacteriaceae	unclassified_Microbacteriaceae
OTU571	Bacteria	Bacteroidetes	Flavobacteriia	Flavobacteriales	Flavobacteriaceae	Flavobacterium
OTU572	Bacteria	Firmicutes	Erysipelotrichia	Erysipelotrichales	Erysipelotrichaceae	Clostridium XVIII
OTU573	Bacteria	Firmicutes	Clostridia	Clostridiales	Lachnospiraceae	unclassified_Lachnospiraceae
OTU574	Bacteria	Firmicutes	Clostridia	Clostridiales	Ruminococcaceae	unclassified_Ruminococcaceae
OTU575	Bacteria	Firmicutes	Clostridia	Clostridiales	Lachnospiraceae	unclassified_Lachnospiraceae
OTU576	Bacteria	Proteobacteria	Gammaproteobacteria	Pseudomonadales	Moraxellaceae	Moraxella
OTU577	Bacteria	Firmicutes	Clostridia	Clostridiales	Clostridiales_Incertae Sedis XIII	Anaerovorax
OTU578	Bacteria	Proteobacteria	Gammaproteobacteria	Enterobacteriales	Enterobacteriaceae	Serratia
OTU579	Bacteria	Actinobacteria	Actinobacteria	Actinomycetales	Nocardiopsaceae	Nocardiopsis
OTU580	Bacteria	Actinobacteria	Actinobacteria	Actinomycetales	Streptomycetaceae	Streptomyces
OTU581	Bacteria	Firmicutes	Clostridia	Clostridiales	unclassified_Clostridiales	unclassified_Clostridiales
OTU582	Bacteria	Firmicutes	Bacilli	Lactobacillales	Enterococcaceae	Enterococcus
OTU583	Bacteria	Proteobacteria	Gammaproteobacteria	Pseudomonadales	Moraxellaceae	Acinetobacter
OTU584	Bacteria	Candidatus Saccharibacteria	unclassified_Candidatus Saccharibacteria	unclassified_Candidatus Saccharibacteria	unclassified_Candidatus Saccharibacteria	Saccharibacteria_genera_incertae_sedis
OTU585	Bacteria	Firmicutes	Clostridia	Clostridiales	Ruminococcaceae	Intestinimonas
OTU586	Bacteria	Firmicutes	Clostridia	Clostridiales	Ruminococcaceae	unclassified_Ruminococcaceae
OTU587	Bacteria	Firmicutes	Clostridia	Clostridiales	Ruminococcaceae	Oscillibacter
OTU588	Bacteria	Firmicutes	Clostridia	Clostridiales	Ruminococcaceae	unclassified_Ruminococcaceae
OTU589	Bacteria	Actinobacteria	Actinobacteria	Actinomycetales	Microbacteriaceae	Microbacterium
OTU590	Bacteria	Bacteroidetes	Bacteroidia	Bacteroidales	Bacteroidaceae	Bacteroides
OTU591	Bacteria	Bacteroidetes	Sphingobacteriia	Sphingobacteriales	Sphingobacteriaceae	Pedobacter
OTU592	Bacteria	Firmicutes	Clostridia	Clostridiales	Peptostreptococcaceae	unclassified_Peptostreptococcaceae
OTU593	Bacteria	Proteobacteria	Gammaproteobacteria	Xanthomonadales	Xanthomonadaceae	Pseudoxanthomonas
OTU594	Bacteria	Firmicutes	Clostridia	Clostridiales	Lachnospiraceae	unclassified_Lachnospiraceae
OTU595	Bacteria	Firmicutes	Clostridia	Clostridiales	Lachnospiraceae	unclassified_Lachnospiraceae
OTU596	Bacteria	Firmicutes	Clostridia	Clostridiales	unclassified_Clostridiales	unclassified_Clostridiales
OTU597	Bacteria	Proteobacteria	Betaproteobacteria	Burkholderiales	Comamonadaceae	Pelomonas
OTU598	Bacteria	Firmicutes	Clostridia	Clostridiales	Lachnospiraceae	unclassified_Lachnospiraceae
OTU599	Bacteria	Firmicutes	Clostridia	Clostridiales	Ruminococcaceae	unclassified_Ruminococcaceae
OTU600	Bacteria	Firmicutes	Clostridia	Clostridiales	Ruminococcaceae	unclassified_Ruminococcaceae
OTU601	Bacteria	Proteobacteria	Gammaproteobacteria	Enterobacteriales	Enterobacteriaceae	Salmonella
OTU602	Bacteria	Actinobacteria	Actinobacteria	Actinomycetales	Pseudonocardiaceae	Saccharomonospora
OTU603	Bacteria	Firmicutes	Clostridia	Clostridiales	Lachnospiraceae	unclassified_Lachnospiraceae
OTU604	Bacteria	Firmicutes	Clostridia	Clostridiales	Ruminococcaceae	unclassified_Ruminococcaceae
OTU605	Bacteria	Bacteroidetes	Bacteroidia	Bacteroidales	Rikenellaceae	Alistipes
OTU606	Bacteria	Firmicutes	Clostridia	Clostridiales	Lachnospiraceae	Roseburia
OTU607	Bacteria	Firmicutes	Clostridia	Clostridiales	Lachnospiraceae	unclassified_Lachnospiraceae
OTU608	Bacteria	Deferribacteres	Deferribacteres	Deferribacterales	Deferribacteraceae	unclassified_Deferribacteraceae
OTU609	Bacteria	Firmicutes	Clostridia	Clostridiales	unclassified_Clostridiales	unclassified_Clostridiales
OTU610	Bacteria	Firmicutes	Clostridia	Clostridiales	Lachnospiraceae	Lachnospiracea_incertae_sedis
OTU611	Bacteria	Bacteroidetes	Sphingobacteriia	Sphingobacteriales	Sphingobacteriaceae	Pedobacter
OTU612	Bacteria	Firmicutes	Clostridia	Clostridiales	Clostridiaceae 1	Clostridium sensu stricto
OTU613	Bacteria	Firmicutes	Bacilli	Bacillales	Paenibacillaceae 1	Paenibacillus
OTU614	Bacteria	Firmicutes	Clostridia	Clostridiales	Ruminococcaceae	Oscillibacter
OTU615	Bacteria	Firmicutes	Clostridia	Clostridiales	Lachnospiraceae	unclassified_Lachnospiraceae
OTU616	Bacteria	Firmicutes	Clostridia	Clostridiales	unclassified_Clostridiales	unclassified_Clostridiales
OTU617	Bacteria	Firmicutes	Erysipelotrichia	Erysipelotrichales	Erysipelotrichaceae	unclassified_Erysipelotrichaceae
OTU618	Bacteria	Candidatus Saccharibacteria	unclassified_Candidatus Saccharibacteria	unclassified_Candidatus Saccharibacteria	unclassified_Candidatus Saccharibacteria	Saccharibacteria_genera_incertae_sedis
OTU619	Bacteria	Actinobacteria	Actinobacteria	Actinomycetales	Promicromonosporaceae	unclassified_Promicromonosporaceae
OTU620	Bacteria	Firmicutes	Clostridia	Clostridiales	Peptostreptococcaceae	unclassified_Peptostreptococcaceae
OTU621	Bacteria	Firmicutes	Clostridia	Clostridiales	Ruminococcaceae	Ruminococcus
OTU622	Bacteria	unclassified_Bacteria	unclassified_Bacteria	unclassified_Bacteria	unclassified_Bacteria	unclassified_Bacteria
OTU623	Bacteria	Firmicutes	Clostridia	Clostridiales	Lachnospiraceae	unclassified_Lachnospiraceae
OTU624	Bacteria	Bacteroidetes	Sphingobacteriia	Sphingobacteriales	Sphingobacteriaceae	Olivibacter
OTU625	Bacteria	Firmicutes	Clostridia	Clostridiales	Lachnospiraceae	unclassified_Lachnospiraceae
OTU626	Bacteria	Firmicutes	Clostridia	Clostridiales	Lachnospiraceae	unclassified_Lachnospiraceae
OTU627	Bacteria	Firmicutes	Clostridia	Clostridiales	Lachnospiraceae	unclassified_Lachnospiraceae
OTU628	Bacteria	Bacteroidetes	Bacteroidia	Bacteroidales	Bacteroidaceae	Bacteroides
OTU629	Bacteria	Firmicutes	Clostridia	Clostridiales	Ruminococcaceae	Faecalibacterium
OTU630	Bacteria	Firmicutes	Clostridia	Clostridiales	Lachnospiraceae	unclassified_Lachnospiraceae
OTU631	Bacteria	Firmicutes	unclassified_Firmicutes	unclassified_Firmicutes	unclassified_Firmicutes	unclassified_Firmicutes
OTU632	Bacteria	Firmicutes	Clostridia	Clostridiales	Lachnospiraceae	unclassified_Lachnospiraceae
OTU633	Bacteria	Bacteroidetes	Flavobacteriia	Flavobacteriales	Flavobacteriaceae	Cloacibacterium
OTU634	Bacteria	Actinobacteria	Actinobacteria	Actinomycetales	Microbacteriaceae	Curtobacterium
OTU635	Bacteria	Firmicutes	Clostridia	Clostridiales	unclassified_Clostridiales	unclassified_Clostridiales
OTU636	Bacteria	Bacteroidetes	Sphingobacteriia	Sphingobacteriales	Chitinophagaceae	Filimonas
OTU637	Bacteria	Proteobacteria	Betaproteobacteria	Burkholderiales	Burkholderiaceae	Ralstonia
OTU638	Bacteria	Firmicutes	Clostridia	Clostridiales	Lachnospiraceae	Eisenbergiella
OTU639	Bacteria	Actinobacteria	Actinobacteria	Actinomycetales	Microbacteriaceae	Mycetocola
OTU640	Bacteria	Bacteroidetes	Sphingobacteriia	Sphingobacteriales	Sphingobacteriaceae	Pedobacter
OTU641	Bacteria	Bacteroidetes	Bacteroidia	Bacteroidales	Porphyromonadaceae	"unclassified_""Porphyromonadaceae"""
OTU642	Bacteria	Proteobacteria	Gammaproteobacteria	Pseudomonadales	Moraxellaceae	Acinetobacter
OTU643	Bacteria	Firmicutes	Clostridia	Clostridiales	Lachnospiraceae	unclassified_Lachnospiraceae
OTU644	Bacteria	Firmicutes	Clostridia	Clostridiales	Ruminococcaceae	Flavonifractor
OTU645	Bacteria	Proteobacteria	Betaproteobacteria	Burkholderiales	Comamonadaceae	Variovorax
OTU646	Bacteria	Firmicutes	Clostridia	Clostridiales	Ruminococcaceae	unclassified_Ruminococcaceae
OTU647	Bacteria	Firmicutes	Clostridia	Clostridiales	Lachnospiraceae	Blautia
OTU648	Bacteria	Bacteroidetes	Bacteroidia	Bacteroidales	Rikenellaceae	Alistipes
OTU649	Bacteria	Actinobacteria	Actinobacteria	Actinomycetales	Streptomycetaceae	Streptomyces
OTU650	Bacteria	Firmicutes	Clostridia	Clostridiales	Lachnospiraceae	unclassified_Lachnospiraceae
OTU651	Bacteria	Actinobacteria	Actinobacteria	Actinomycetales	Mycobacteriaceae	Mycobacterium
OTU652	Bacteria	Firmicutes	Clostridia	Clostridiales	Lachnospiraceae	unclassified_Lachnospiraceae
OTU653	Bacteria	Firmicutes	Clostridia	Clostridiales	Ruminococcaceae	Oscillibacter
OTU654	Bacteria	Firmicutes	Bacilli	Bacillales	Bacillaceae 1	Bacillus
OTU655	Bacteria	Firmicutes	Clostridia	Clostridiales	Lachnospiraceae	unclassified_Lachnospiraceae
OTU656	Bacteria	Firmicutes	Clostridia	Clostridiales	Ruminococcaceae	unclassified_Ruminococcaceae
OTU657	Bacteria	Proteobacteria	Betaproteobacteria	Burkholderiales	Comamonadaceae	Curvibacter
OTU658	Bacteria	Bacteroidetes	Bacteroidia	Bacteroidales	Bacteroidaceae	Bacteroides
OTU659	Bacteria	Firmicutes	Clostridia	Clostridiales	Lachnospiraceae	unclassified_Lachnospiraceae
OTU660	Bacteria	Bacteroidetes	Bacteroidia	Bacteroidales	Porphyromonadaceae	"unclassified_""Porphyromonadaceae"""
OTU661	Bacteria	Firmicutes	Bacilli	Lactobacillales	Streptococcaceae	Streptococcus
OTU662	Bacteria	Proteobacteria	Gammaproteobacteria	Pseudomonadales	Moraxellaceae	Acinetobacter
OTU663	Bacteria	Firmicutes	Clostridia	Clostridiales	Ruminococcaceae	unclassified_Ruminococcaceae
OTU664	Bacteria	Firmicutes	Bacilli	Lactobacillales	Streptococcaceae	Streptococcus
OTU665	Bacteria	Proteobacteria	Gammaproteobacteria	Enterobacteriales	Enterobacteriaceae	Kosakonia
OTU666	Bacteria	Bacteroidetes	Flavobacteriia	Flavobacteriales	Flavobacteriaceae	Flavobacterium
OTU667	Bacteria	Firmicutes	Clostridia	Clostridiales	Lachnospiraceae	unclassified_Lachnospiraceae
OTU668	Bacteria	Proteobacteria	Gammaproteobacteria	Enterobacteriales	Enterobacteriaceae	unclassified_Enterobacteriaceae
OTU669	Bacteria	Firmicutes	Clostridia	Clostridiales	Lachnospiraceae	unclassified_Lachnospiraceae
OTU670	Bacteria	Firmicutes	Clostridia	Clostridiales	Ruminococcaceae	unclassified_Ruminococcaceae
OTU671	Bacteria	Actinobacteria	Actinobacteria	Actinomycetales	Streptomycetaceae	Streptomyces
OTU672	Bacteria	Bacteroidetes	Sphingobacteriia	Sphingobacteriales	Chitinophagaceae	unclassified_Chitinophagaceae
OTU673	Bacteria	Actinobacteria	Actinobacteria	Actinomycetales	Pseudonocardiaceae	Saccharomonospora
OTU674	Bacteria	Bacteroidetes	Bacteroidia	Bacteroidales	Bacteroidaceae	Bacteroides
OTU675	Bacteria	Proteobacteria	Gammaproteobacteria	Pseudomonadales	Pseudomonadaceae	Pseudomonas
OTU676	Bacteria	Firmicutes	Clostridia	Clostridiales	Ruminococcaceae	unclassified_Ruminococcaceae
OTU677	Bacteria	Actinobacteria	Actinobacteria	Actinomycetales	Microbacteriaceae	Plantibacter
OTU678	unclassified_Root	unclassified_Root	unclassified_Root	unclassified_Root	unclassified_Root	unclassified_Root
OTU679	Bacteria	Firmicutes	Clostridia	Clostridiales	Lachnospiraceae	unclassified_Lachnospiraceae
OTU680	Bacteria	Firmicutes	Clostridia	Clostridiales	Peptostreptococcaceae	Terrisporobacter
OTU681	Bacteria	Firmicutes	Clostridia	Clostridiales	Ruminococcaceae	Intestinimonas
OTU682	Bacteria	unclassified_Bacteria	unclassified_Bacteria	unclassified_Bacteria	unclassified_Bacteria	unclassified_Bacteria
OTU683	Bacteria	Firmicutes	Clostridia	Clostridiales	unclassified_Clostridiales	unclassified_Clostridiales
OTU684	Bacteria	Bacteroidetes	Flavobacteriia	Flavobacteriales	Flavobacteriaceae	Flavobacterium
OTU685	Bacteria	Firmicutes	Clostridia	Clostridiales	Lachnospiraceae	unclassified_Lachnospiraceae
OTU686	Bacteria	Firmicutes	Clostridia	Clostridiales	Ruminococcaceae	Ruminococcus
OTU687	Bacteria	Firmicutes	Clostridia	Clostridiales	Lachnospiraceae	unclassified_Lachnospiraceae
OTU688	Bacteria	unclassified_Bacteria	unclassified_Bacteria	unclassified_Bacteria	unclassified_Bacteria	unclassified_Bacteria
OTU689	Bacteria	Actinobacteria	Actinobacteria	Actinomycetales	Mycobacteriaceae	Mycobacterium
OTU690	Bacteria	Firmicutes	Clostridia	Clostridiales	unclassified_Clostridiales	unclassified_Clostridiales
OTU691	Bacteria	Firmicutes	Clostridia	Clostridiales	Lachnospiraceae	unclassified_Lachnospiraceae
OTU692	Bacteria	Firmicutes	Clostridia	Clostridiales	unclassified_Clostridiales	unclassified_Clostridiales
OTU693	Bacteria	Bacteroidetes	Bacteroidia	Bacteroidales	"unclassified_""Bacteroidales"""	"unclassified_""Bacteroidales"""
OTU694	Bacteria	Actinobacteria	Actinobacteria	Actinomycetales	Streptomycetaceae	Streptomyces
OTU695	Bacteria	Actinobacteria	Actinobacteria	Actinomycetales	Pseudonocardiaceae	Saccharopolyspora
OTU696	Bacteria	Firmicutes	Clostridia	Clostridiales	Ruminococcaceae	unclassified_Ruminococcaceae
OTU697	Bacteria	Firmicutes	Bacilli	Bacillales	Staphylococcaceae	Staphylococcus
OTU698	Bacteria	Firmicutes	Clostridia	Clostridiales	Lachnospiraceae	unclassified_Lachnospiraceae
OTU699	Bacteria	Firmicutes	Clostridia	Clostridiales	Lachnospiraceae	unclassified_Lachnospiraceae
OTU700	Bacteria	Firmicutes	Clostridia	Clostridiales	Lachnospiraceae	Anaerosporobacter
OTU701	Bacteria	Bacteroidetes	Bacteroidia	Bacteroidales	Porphyromonadaceae	"unclassified_""Porphyromonadaceae"""
OTU702	Bacteria	Firmicutes	Clostridia	Clostridiales	unclassified_Clostridiales	unclassified_Clostridiales
OTU703	Bacteria	Firmicutes	Clostridia	Clostridiales	unclassified_Clostridiales	unclassified_Clostridiales
OTU704	Bacteria	Firmicutes	Clostridia	Clostridiales	unclassified_Clostridiales	unclassified_Clostridiales
OTU705	Bacteria	Verrucomicrobia	Verrucomicrobiae	Verrucomicrobiales	Verrucomicrobiaceae	Akkermansia
OTU706	Bacteria	Proteobacteria	Gammaproteobacteria	Pseudomonadales	Pseudomonadaceae	Pseudomonas
OTU707	Bacteria	Actinobacteria	Actinobacteria	Actinomycetales	Streptosporangiaceae	unclassified_Streptosporangiaceae
OTU708	Bacteria	Firmicutes	Clostridia	Clostridiales	Lachnospiraceae	unclassified_Lachnospiraceae
OTU709	Bacteria	Actinobacteria	Actinobacteria	Actinomycetales	Microbacteriaceae	unclassified_Microbacteriaceae
OTU710	Bacteria	Firmicutes	Clostridia	Clostridiales	Ruminococcaceae	unclassified_Ruminococcaceae
OTU711	Bacteria	Firmicutes	Clostridia	Clostridiales	Lachnospiraceae	unclassified_Lachnospiraceae
OTU712	Bacteria	Firmicutes	Bacilli	Bacillales	Paenibacillaceae 1	Brevibacillus
OTU713	Bacteria	Firmicutes	Clostridia	Clostridiales	Ruminococcaceae	unclassified_Ruminococcaceae
OTU714	Bacteria	Firmicutes	Clostridia	Clostridiales	Lachnospiraceae	unclassified_Lachnospiraceae
OTU715	Bacteria	Firmicutes	Clostridia	Clostridiales	Ruminococcaceae	unclassified_Ruminococcaceae
OTU716	Bacteria	Firmicutes	Clostridia	Clostridiales	Lachnospiraceae	unclassified_Lachnospiraceae
OTU717	Bacteria	Firmicutes	Bacilli	Bacillales	Bacillaceae 1	Bacillus
OTU718	Bacteria	Firmicutes	Clostridia	Clostridiales	Lachnospiraceae	Clostridium XlVb
OTU719	Bacteria	Firmicutes	Bacilli	Lactobacillales	Streptococcaceae	Streptococcus
OTU720	Bacteria	Bacteroidetes	Sphingobacteriia	Sphingobacteriales	Sphingobacteriaceae	Olivibacter
OTU721	Bacteria	Firmicutes	unclassified_Firmicutes	unclassified_Firmicutes	unclassified_Firmicutes	unclassified_Firmicutes
OTU722	Bacteria	Firmicutes	Clostridia	Clostridiales	Ruminococcaceae	unclassified_Ruminococcaceae
OTU723	Bacteria	Firmicutes	Clostridia	Clostridiales	unclassified_Clostridiales	unclassified_Clostridiales
OTU724	Bacteria	Firmicutes	Clostridia	Clostridiales	Lachnospiraceae	unclassified_Lachnospiraceae
OTU725	Bacteria	Firmicutes	Clostridia	Clostridiales	Ruminococcaceae	unclassified_Ruminococcaceae
OTU726	Bacteria	Firmicutes	Erysipelotrichia	Erysipelotrichales	Erysipelotrichaceae	Clostridium XVIII
OTU727	Bacteria	Firmicutes	Bacilli	Lactobacillales	Streptococcaceae	Lactococcus
OTU728	Bacteria	Firmicutes	Bacilli	Bacillales	Paenibacillaceae 1	Thermobacillus
OTU729	Bacteria	Firmicutes	Clostridia	Clostridiales	unclassified_Clostridiales	unclassified_Clostridiales
OTU730	Bacteria	Firmicutes	Negativicutes	Selenomonadales	Acidaminococcaceae	Phascolarctobacterium
OTU731	Bacteria	Bacteroidetes	Bacteroidia	Bacteroidales	Porphyromonadaceae	"unclassified_""Porphyromonadaceae"""
OTU732	Bacteria	Firmicutes	Clostridia	Clostridiales	Lachnospiraceae	unclassified_Lachnospiraceae
OTU733	Bacteria	Firmicutes	Clostridia	Clostridiales	Lachnospiraceae	unclassified_Lachnospiraceae
OTU734	Bacteria	Firmicutes	Clostridia	Clostridiales	Lachnospiraceae	unclassified_Lachnospiraceae
OTU735	Bacteria	Proteobacteria	Gammaproteobacteria	Pseudomonadales	Pseudomonadaceae	Cellvibrio
OTU736	Bacteria	Bacteroidetes	Sphingobacteriia	Sphingobacteriales	Sphingobacteriaceae	Olivibacter
OTU737	Bacteria	Firmicutes	Clostridia	Clostridiales	unclassified_Clostridiales	unclassified_Clostridiales
OTU738	Bacteria	Bacteroidetes	Bacteroidia	Bacteroidales	"unclassified_""Bacteroidales"""	"unclassified_""Bacteroidales"""
OTU739	Bacteria	Actinobacteria	Actinobacteria	Actinomycetales	Brevibacteriaceae	Brevibacterium
OTU740	Bacteria	Proteobacteria	Gammaproteobacteria	Legionellales	Coxiellaceae	Diplorickettsia
OTU741	Bacteria	Actinobacteria	Actinobacteria	Actinomycetales	Microbacteriaceae	unclassified_Microbacteriaceae
OTU742	Bacteria	Firmicutes	Clostridia	Clostridiales	unclassified_Clostridiales	unclassified_Clostridiales
OTU743	Bacteria	Firmicutes	Clostridia	Clostridiales	Lachnospiraceae	unclassified_Lachnospiraceae
OTU744	Bacteria	Firmicutes	Clostridia	Clostridiales	Lachnospiraceae	unclassified_Lachnospiraceae
OTU745	Bacteria	Firmicutes	Clostridia	Clostridiales	Lachnospiraceae	Blautia
OTU746	Bacteria	Actinobacteria	Actinobacteria	Actinomycetales	Microbacteriaceae	unclassified_Microbacteriaceae
OTU747	Bacteria	Firmicutes	Clostridia	Clostridiales	Lachnospiraceae	Blautia
OTU748	Bacteria	Firmicutes	Clostridia	Clostridiales	Ruminococcaceae	unclassified_Ruminococcaceae
OTU749	Bacteria	Proteobacteria	Betaproteobacteria	Burkholderiales	Comamonadaceae	unclassified_Comamonadaceae
OTU750	Bacteria	Firmicutes	Clostridia	Clostridiales	Lachnospiraceae	unclassified_Lachnospiraceae
OTU751	Bacteria	Proteobacteria	Betaproteobacteria	Burkholderiales	Burkholderiales_incertae_sedis	Aquabacterium
OTU752	Bacteria	Actinobacteria	Actinobacteria	Actinomycetales	Promicromonosporaceae	Promicromonospora
OTU753	Bacteria	Bacteroidetes	Sphingobacteriia	Sphingobacteriales	Chitinophagaceae	Chitinophaga
OTU754	Bacteria	Firmicutes	Erysipelotrichia	Erysipelotrichales	Erysipelotrichaceae	unclassified_Erysipelotrichaceae
OTU755	Bacteria	Firmicutes	Clostridia	Clostridiales	Lachnospiraceae	unclassified_Lachnospiraceae
OTU756	Bacteria	Proteobacteria	Betaproteobacteria	Burkholderiales	Oxalobacteraceae	Janthinobacterium
OTU757	Bacteria	Proteobacteria	Betaproteobacteria	Burkholderiales	Oxalobacteraceae	Herbaspirillum
OTU758	Bacteria	Proteobacteria	Gammaproteobacteria	Pseudomonadales	Pseudomonadaceae	Cellvibrio
OTU759	Bacteria	Firmicutes	Clostridia	Clostridiales	Lachnospiraceae	unclassified_Lachnospiraceae
OTU760	Bacteria	Firmicutes	Bacilli	Lactobacillales	Enterococcaceae	Enterococcus
OTU761	Bacteria	Firmicutes	Clostridia	Clostridiales	Lachnospiraceae	unclassified_Lachnospiraceae
OTU762	Bacteria	Firmicutes	Clostridia	Clostridiales	Ruminococcaceae	unclassified_Ruminococcaceae
OTU763	Bacteria	Proteobacteria	Alphaproteobacteria	Rhizobiales	unclassified_Rhizobiales	unclassified_Rhizobiales
OTU764	Bacteria	Actinobacteria	Actinobacteria	Actinomycetales	Mycobacteriaceae	Mycobacterium
OTU765	Bacteria	Bacteroidetes	Bacteroidia	Bacteroidales	"unclassified_""Bacteroidales"""	"unclassified_""Bacteroidales"""
OTU766	Bacteria	Actinobacteria	Actinobacteria	Actinomycetales	Microbacteriaceae	unclassified_Microbacteriaceae
OTU767	Bacteria	Proteobacteria	Alphaproteobacteria	Rhizobiales	Methylocystaceae	Pleomorphomonas
OTU768	Bacteria	Firmicutes	Clostridia	Clostridiales	Ruminococcaceae	Flavonifractor
OTU769	Bacteria	Firmicutes	Clostridia	Clostridiales	unclassified_Clostridiales	unclassified_Clostridiales
OTU770	Bacteria	Firmicutes	Clostridia	Clostridiales	Lachnospiraceae	Dorea
OTU771	Bacteria	Firmicutes	Clostridia	Clostridiales	unclassified_Clostridiales	unclassified_Clostridiales
OTU772	Bacteria	Actinobacteria	Actinobacteria	Actinomycetales	Microbacteriaceae	unclassified_Microbacteriaceae
OTU773	Bacteria	Firmicutes	Clostridia	Clostridiales	unclassified_Clostridiales	unclassified_Clostridiales
OTU774	Bacteria	Firmicutes	Clostridia	Clostridiales	Ruminococcaceae	unclassified_Ruminococcaceae
OTU775	Bacteria	Firmicutes	unclassified_Firmicutes	unclassified_Firmicutes	unclassified_Firmicutes	unclassified_Firmicutes
OTU776	Bacteria	Firmicutes	Clostridia	Clostridiales	Lachnospiraceae	unclassified_Lachnospiraceae
OTU777	Bacteria	Firmicutes	Clostridia	Clostridiales	Lachnospiraceae	Ruminococcus2
OTU778	Bacteria	Firmicutes	Clostridia	Clostridiales	Ruminococcaceae	unclassified_Ruminococcaceae
OTU779	Bacteria	Proteobacteria	Gammaproteobacteria	Pseudomonadales	Pseudomonadaceae	Rhizobacter
OTU780	Bacteria	Proteobacteria	Betaproteobacteria	Burkholderiales	Alcaligenaceae	Oligella
OTU781	Bacteria	Firmicutes	Clostridia	Clostridiales	Lachnospiraceae	unclassified_Lachnospiraceae
OTU782	Bacteria	Proteobacteria	Betaproteobacteria	Burkholderiales	Comamonadaceae	unclassified_Comamonadaceae
OTU783	Bacteria	unclassified_Bacteria	unclassified_Bacteria	unclassified_Bacteria	unclassified_Bacteria	unclassified_Bacteria
OTU784	Bacteria	Firmicutes	Erysipelotrichia	Erysipelotrichales	Erysipelotrichaceae	unclassified_Erysipelotrichaceae
OTU785	Bacteria	Firmicutes	Erysipelotrichia	Erysipelotrichales	Erysipelotrichaceae	unclassified_Erysipelotrichaceae
OTU786	Bacteria	Planctomycetes	Planctomycetia	Planctomycetales	Planctomycetaceae	Gemmata
OTU787	Bacteria	Firmicutes	Clostridia	Clostridiales	Lachnospiraceae	unclassified_Lachnospiraceae
OTU788	Bacteria	Bacteroidetes	Flavobacteriia	Flavobacteriales	Flavobacteriaceae	Flavobacterium
OTU789	Bacteria	Proteobacteria	Gammaproteobacteria	Legionellales	Coxiellaceae	Diplorickettsia
OTU790	Bacteria	Proteobacteria	Gammaproteobacteria	Enterobacteriales	Enterobacteriaceae	unclassified_Enterobacteriaceae
OTU791	Bacteria	Firmicutes	Clostridia	Clostridiales	Lachnospiraceae	unclassified_Lachnospiraceae
OTU792	Bacteria	Firmicutes	Clostridia	Clostridiales	Ruminococcaceae	unclassified_Ruminococcaceae
OTU793	Bacteria	Bacteroidetes	Cytophagia	Cytophagales	Cytophagaceae	Dyadobacter
OTU794	Bacteria	Firmicutes	Bacilli	Lactobacillales	Streptococcaceae	Streptococcus
OTU795	Bacteria	Actinobacteria	Actinobacteria	Actinomycetales	Microbacteriaceae	unclassified_Microbacteriaceae
OTU796	Bacteria	Firmicutes	Clostridia	Clostridiales	Lachnospiraceae	unclassified_Lachnospiraceae
OTU797	Bacteria	Proteobacteria	Betaproteobacteria	Burkholderiales	Alcaligenaceae	Bordetella
OTU798	Bacteria	Firmicutes	Clostridia	Clostridiales	Lachnospiraceae	Ruminococcus2
OTU799	Bacteria	Actinobacteria	Actinobacteria	Actinomycetales	Nocardiopsaceae	Thermobifida
OTU800	Bacteria	Proteobacteria	Alphaproteobacteria	unclassified_Alphaproteobacteria	unclassified_Alphaproteobacteria	unclassified_Alphaproteobacteria
OTU801	Bacteria	Bacteroidetes	"unclassified_""Bacteroidetes"""	"unclassified_""Bacteroidetes"""	"unclassified_""Bacteroidetes"""	"unclassified_""Bacteroidetes"""
OTU802	Bacteria	Bacteroidetes	Bacteroidia	Bacteroidales	"unclassified_""Bacteroidales"""	"unclassified_""Bacteroidales"""
OTU803	Bacteria	Proteobacteria	Deltaproteobacteria	Bdellovibrionales	Bdellovibrionaceae	Vampirovibrio
OTU804	Bacteria	Firmicutes	Clostridia	Clostridiales	unclassified_Clostridiales	unclassified_Clostridiales
OTU805	Bacteria	Actinobacteria	Actinobacteria	Actinomycetales	unclassified_Actinomycetales	unclassified_Actinomycetales
OTU806	Bacteria	Bacteroidetes	Bacteroidia	Bacteroidales	"unclassified_""Bacteroidales"""	"unclassified_""Bacteroidales"""
